,PLAYER,TEAM,GP,MPG,ORPM,DRPM,RPM,WINS,TS%,AST,TO,USG,ORR,DRR,REBR,PER,VA,EWA,VA_Pred
0,Paul George,OKC,67,36.6,4.62,3.08,7.7,16.99,0.587,13.4,8.7,29.8,3.7,19.7,11.6,23.98,493.9,16.5,[[518.19443634]]
1,James Harden,HOU,66,37.3,7.21,-0.31,6.9,14.98,0.608,18.0,12.2,40.8,2.5,17.1,9.6,29.85,691.9,23.1,[[486.474459]]
2,Giannis Antetokounmpo,MIL,65,33.0,3.51,2.67,6.18,13.01,0.643,19.2,12.3,32.1,7.5,30.5,19.7,30.76,616.3,20.5,[[470.73265953]]
6,Nikola Vucevic,ORL,70,31.3,1.83,3.61,5.44,11.9,0.575,16.3,8.2,27.7,9.3,32.4,20.7,26.0,504.2,16.8,[[410.92928396]]
3,Nikola Jokic,DEN,68,31.5,4.39,1.62,6.01,11.88,0.595,27.1,11.5,29.5,10.0,27.1,18.6,26.83,519.2,17.3,[[405.05891961]]
11,Rudy Gobert,UTAH,70,31.8,0.25,4.31,4.56,11.04,0.673,13.5,10.6,17.3,13.3,30.7,22.1,24.29,454.2,15.1,[[404.08355706]]
7,Kevin Durant,GS,66,35.4,4.34,0.74,5.08,12.19,0.625,18.4,9.9,30.0,1.5,18.0,10.1,24.47,487.3,16.2,[[395.54177981]]
4,Anthony Davis,NO,55,33.3,2.86,2.81,5.67,10.49,0.599,14.2,7.3,29.4,9.7,27.7,18.8,30.56,520.3,17.3,[[395.25982892]]
18,Karl-Anthony Towns,MIN,67,33.1,3.28,0.87,4.15,10.33,0.627,12.8,11.3,28.5,11.0,28.7,19.8,27.12,546.0,18.2,[[379.7422265]]
9,Jrue Holiday,NO,67,35.9,3.65,1.11,4.76,12.52,0.555,25.8,10.5,26.8,3.3,11.1,7.2,19.54,306.2,10.2,[[370.00587994]]
15,Damian Lillard,POR,69,35.5,5.45,-1.0,4.45,11.37,0.593,21.1,8.6,30.6,2.5,10.8,6.8,24.05,477.3,15.9,[[369.90820861]]
5,LeBron James,LAL,51,35.3,3.79,1.73,5.52,10.37,0.593,23.0,10.0,32.2,3.1,21.6,12.5,26.07,418.4,13.9,[[336.25312728]]
8,Stephen Curry,GS,58,34.4,5.4,-0.49,4.91,10.36,0.637,17.5,9.6,30.6,2.2,13.9,8.3,24.36,397.9,13.3,[[333.81769113]]
10,Kyrie Irving,BOS,59,33.0,4.12,0.56,4.68,9.39,0.597,24.0,8.8,30.2,3.7,12.8,8.2,24.97,406.1,13.5,[[313.63266116]]
12,Jusuf Nurkic,POR,69,27.3,0.87,3.67,4.54,8.99,0.569,17.0,12.4,25.1,13.8,26.4,20.2,23.28,357.0,11.9,[[311.29836338]]
13,Joel Embiid,PHI,58,33.7,2.11,2.37,4.48,9.25,0.59,11.5,11.8,32.5,8.1,34.1,21.5,25.71,441.0,14.7,[[311.12160487]]
19,Mike Conley,MEM,66,33.2,4.23,-0.3,3.93,9.7,0.564,24.2,7.1,28.0,2.0,9.7,5.8,21.34,338.7,11.3,[[304.36730952]]
23,Pascal Siakam,TOR,70,31.9,1.76,2.0,3.76,9.74,0.618,16.8,9.9,20.1,5.4,17.7,11.6,18.43,230.9,7.7,[[303.7291522]]
17,Jimmy Butler,MIN/PHI,57,33.7,2.69,1.71,4.4,9.2,0.578,18.3,6.8,23.4,5.9,10.4,8.2,20.91,298.0,9.9,[[287.68792453]]
21,Eric Bledsoe,MIL,68,29.3,2.78,1.1,3.88,9.23,0.576,25.6,9.8,23.4,4.0,11.8,8.1,19.05,239.6,8.0,[[287.04293997]]
36,Kemba Walker,CHA,69,34.9,3.78,-1.15,2.63,8.83,0.552,18.5,8.6,31.5,1.9,11.4,6.6,20.78,351.8,11.7,[[273.58829987]]
48,Andre Drummond,DET,67,33.1,0.24,1.93,2.17,7.0,0.552,6.5,11.2,22.6,16.6,34.9,25.4,23.2,417.6,13.9,[[269.25026371]]
59,Bradley Beal,WSH,71,37.6,3.31,-1.51,1.8,8.19,0.585,18.2,9.2,28.2,3.3,12.0,7.6,20.93,415.8,13.9,[[267.8679572]]
33,Blake Griffin,DET,67,35.3,2.59,0.22,2.81,8.54,0.585,17.9,11.8,30.7,4.0,20.2,11.8,20.91,332.1,11.1,[[263.61496704]]
31,Kawhi Leonard,TOR,51,34.4,2.98,-0.15,2.83,6.67,0.608,11.7,7.4,29.5,4.2,18.9,11.6,26.3,413.1,13.8,[[257.55037315]]
16,Kyle Lowry,TOR,57,34.6,3.26,1.17,4.43,9.34,0.568,36.2,11.5,21.9,2.1,12.7,7.4,17.03,177.2,5.9,[[255.53253659]]
38,Russell Westbrook,OKC,62,35.8,2.36,0.24,2.6,8.35,0.498,27.5,12.2,33.7,4.0,28.4,15.9,20.8,324.3,10.8,[[249.5119979]]
24,Brook Lopez,MIL,70,28.4,0.08,3.35,3.43,8.55,0.594,8.7,8.1,16.0,1.5,14.3,8.3,14.32,110.3,3.7,[[244.92297202]]
39,Derrick Favors,UTAH,69,23.3,-0.44,2.99,2.55,5.87,0.618,10.0,9.5,18.6,12.7,21.5,17.1,21.64,243.9,8.1,[[241.3704781]]
79,Montrezl Harrell,LAC,71,26.4,1.03,0.26,1.29,5.31,0.632,11.3,9.4,22.7,9.6,16.9,13.4,23.52,336.0,11.2,[[240.48287824]]
85,Steven Adams,OKC,69,33.7,-0.31,1.52,1.21,6.52,0.602,10.4,11.7,16.3,14.3,15.2,14.7,18.8,284.3,9.5,[[238.29215433]]
27,Danilo Gallinari,LAC,59,30.4,3.09,-0.05,3.04,7.04,0.631,12.7,7.4,22.8,3.0,17.6,10.5,20.51,268.4,8.9,[[236.7496724]]
50,De'Aaron Fox,SAC,68,31.8,1.4,0.74,2.14,7.7,0.55,27.6,11.2,25.8,1.6,10.6,6.0,17.93,223.4,7.4,[[235.27799938]]
29,Al Horford,BOS,61,28.8,1.08,1.92,3.0,6.7,0.597,24.6,9.2,19.3,6.6,18.3,12.4,19.65,237.0,7.9,[[230.05979107]]
90,Ben Simmons,PHI,69,34.3,0.85,0.32,1.17,6.49,0.583,30.2,13.7,23.7,7.2,20.5,14.0,20.03,319.3,10.6,[[228.35621246]]
76,Tobias Harris,LAC/PHI,71,34.9,1.52,-0.15,1.37,7.07,0.607,12.7,8.7,23.0,2.2,21.1,12.0,18.16,283.0,9.4,[[227.60565603]]
22,Danny Green,TOR,69,28.0,1.68,2.13,3.81,8.57,0.613,13.9,9.1,13.6,3.2,12.1,7.7,12.11,46.3,1.5,[[225.65205832]]
26,Joe Ingles,UTAH,70,31.6,1.16,1.9,3.06,8.73,0.562,29.7,12.9,18.5,1.5,11.9,6.8,12.6,69.4,2.3,[[225.35883131]]
14,Paul Millsap,DEN,58,26.8,1.3,3.16,4.46,7.19,0.581,13.5,8.9,20.0,8.7,20.6,14.6,19.13,177.0,5.9,[[223.62788504]]
70,DeAndre Jordan,DAL/NY,65,30.0,-2.14,3.63,1.49,5.71,0.675,17.4,17.4,14.4,11.9,35.9,23.9,19.11,248.1,8.3,[[222.58697453]]
43,Marc Gasol,TOR/MEM,68,31.6,0.33,2.1,2.43,7.21,0.54,22.5,10.6,19.7,3.8,25.6,14.6,16.91,202.3,6.7,[[221.259715]]
113,LaMarcus Aldridge,SA,70,32.9,0.62,0.05,0.67,5.39,0.574,10.6,8.3,26.1,10.0,19.8,14.9,22.75,418.0,13.9,[[220.82949907]]
47,Thaddeus Young,IND,71,30.8,0.96,1.22,2.18,7.04,0.561,16.2,9.7,17.7,8.9,14.4,11.7,16.15,152.0,5.1,[[218.56076041]]
65,Willie Cauley-Stein,SAC,69,27.8,-0.69,2.3,1.61,6.08,0.556,17.2,7.6,18.1,8.4,23.1,15.6,17.84,207.6,6.9,[[215.58999973]]
55,Hassan Whiteside,MIA,61,24.3,-1.76,3.77,2.01,4.76,0.545,6.1,10.4,22.1,16.9,35.6,26.2,22.8,270.0,9.0,[[210.21929479]]
88,Jarrett Allen,BKN,70,26.7,-0.2,1.39,1.19,5.12,0.633,12.5,10.8,15.7,9.8,23.5,16.7,18.97,233.2,7.8,[[208.51466249]]
25,Marcus Smart,BOS,70,27.6,1.54,1.79,3.33,7.64,0.574,30.8,11.6,15.3,2.8,8.7,5.8,13.32,67.1,2.2,[[208.41550569]]
54,Domantas Sabonis,IND,64,24.7,1.01,1.03,2.04,4.97,0.638,17.2,13.5,23.5,11.2,29.4,20.5,22.38,256.9,8.6,[[208.15053687]]
46,Josh Richardson,MIA,68,34.9,1.75,0.46,2.21,7.74,0.536,19.0,7.6,21.8,2.4,9.0,5.7,14.1,127.4,4.2,[[201.71920436]]
133,Clint Capela,HOU,55,34.1,-0.88,1.17,0.29,3.86,0.647,8.6,9.3,17.7,14.7,26.6,20.5,23.4,358.2,11.9,[[200.19018717]]
69,Jerami Grant,OKC,69,32.3,-0.13,1.64,1.51,6.64,0.598,7.6,6.1,14.7,3.6,13.2,8.3,14.21,123.6,4.1,[[199.79389935]]
68,Darren Collison,IND,71,28.5,1.56,-0.02,1.54,5.8,0.581,34.7,9.5,19.1,1.9,10.2,6.1,16.96,179.6,6.0,[[193.77832904]]
44,Dwight Powell,DAL,66,20.5,2.29,-0.01,2.28,4.5,0.678,13.4,8.6,17.4,8.6,17.1,12.9,20.3,177.9,5.9,[[193.61988301]]
64,Malcolm Brogdon,MIL,64,28.6,1.84,-0.21,1.63,5.64,0.614,18.5,8.2,20.7,3.9,11.8,8.0,18.0,191.3,6.4,[[192.70616182]]
82,CJ McCollum,POR,68,34.1,2.62,-1.36,1.26,6.34,0.557,12.4,6.5,25.5,2.8,9.7,6.3,17.34,236.9,7.9,[[190.44439465]]
107,Buddy Hield,SAC,69,32.0,1.8,-0.96,0.84,5.86,0.59,11.0,8.6,24.7,4.3,12.5,8.3,17.58,233.3,7.8,[[188.88734727]]
20,Chris Paul,HOU,46,32.5,2.44,1.47,3.91,6.54,0.566,32.9,11.4,24.4,2.0,14.2,8.0,19.35,186.2,6.2,[[186.50559868]]
28,Kevon Looney,GS,67,19.7,0.97,2.06,3.03,5.14,0.629,22.7,9.4,12.5,14.4,16.0,15.3,16.8,121.9,4.1,[[185.52557741]]
32,Rudy Gay,SA,58,26.9,0.55,2.27,2.82,5.74,0.593,16.2,9.6,21.8,3.6,22.5,13.2,18.39,183.5,6.1,[[183.89187807]]
83,Luka Doncic,DAL,65,32.4,2.28,-1.03,1.25,5.81,0.546,20.2,12.0,30.8,3.9,21.0,12.5,19.39,279.3,9.3,[[181.71590276]]
45,Patrick Beverley,LAC,71,27.5,1.12,1.11,2.23,6.64,0.559,32.6,9.2,12.9,4.0,15.3,9.8,11.75,22.0,0.7,[[180.41120118]]
62,Donovan Mitchell,UTAH,66,33.8,1.56,0.09,1.65,6.85,0.527,14.0,10.0,31.5,2.5,10.3,6.4,16.64,204.4,6.8,[[179.70589106]]
73,D.J. Augustin,ORL,70,27.7,2.35,-0.94,1.41,5.57,0.625,31.8,9.5,18.3,1.8,7.0,4.4,15.77,138.3,4.6,[[179.68347932]]
71,Khris Middleton,MIL,67,31.3,1.24,0.2,1.44,6.24,0.552,19.4,9.9,24.4,2.0,16.6,9.7,15.87,168.0,5.6,[[178.84908613]]
75,Myles Turner,IND,64,28.7,-2.17,3.55,1.38,5.05,0.562,10.9,9.7,19.8,5.3,21.7,13.7,17.96,201.7,6.7,[[177.62738121]]
41,Ed Davis,BKN,71,18.1,-1.98,4.5,2.52,4.6,0.617,12.7,13.4,12.5,15.7,34.4,25.1,16.69,99.6,3.3,[[176.36345213]]
35,Nemanja Bjelica,SAC,65,23.3,0.92,1.71,2.63,5.78,0.577,16.7,10.4,16.9,7.1,18.8,12.8,15.08,80.9,2.7,[[176.23843213]]
49,Monte Morris,DEN,69,24.3,1.95,0.2,2.15,5.4,0.572,28.1,5.0,18.3,1.9,9.6,5.7,16.21,130.5,4.3,[[175.08995135]]
147,Julius Randle,NO,66,30.7,1.66,-1.58,0.08,4.21,0.6,13.4,11.4,27.2,7.5,22.0,14.8,21.24,321.5,10.7,[[174.84439576]]
60,Al-Farouq Aminu,POR,70,28.7,0.36,1.38,1.74,5.98,0.576,12.9,8.7,13.1,5.4,22.1,13.9,13.1,48.0,1.6,[[174.76375757]]
102,D'Angelo Russell,BKN,71,30.0,2.13,-1.2,0.93,5.52,0.528,23.4,10.2,32.5,2.0,10.9,6.5,19.03,254.8,8.5,[[173.0851282]]
93,Thomas Bryant,WSH,61,19.1,-0.2,1.3,1.1,3.02,0.675,13.1,7.8,17.0,8.1,24.6,16.2,21.29,185.8,6.2,[[172.96423641]]
134,John Collins,ATL,52,29.7,1.78,-1.51,0.27,3.46,0.636,10.1,10.3,23.6,12.8,22.3,17.5,22.52,253.9,8.5,[[171.03043201]]
89,Aaron Gordon,ORL,67,33.6,0.24,0.94,1.18,6.03,0.533,17.4,9.9,22.3,5.1,18.7,11.8,15.08,120.4,4.0,[[168.15096498]]
161,Mitchell Robinson,NY,55,18.8,-1.07,0.93,-0.14,1.89,0.68,9.0,9.3,11.7,13.6,17.0,15.3,21.44,167.6,5.6,[[168.06920576]]
63,Mason Plumlee,DEN,69,20.6,0.01,1.62,1.63,4.13,0.609,26.0,14.5,17.9,10.9,21.6,16.2,18.25,143.2,4.8,[[167.87704675]]
116,Lou Williams,LAC,65,26.5,3.86,-3.22,0.64,4.17,0.558,20.2,9.3,33.4,2.2,9.5,5.9,22.0,295.6,9.9,[[165.10987728]]
129,Taj Gibson,MIN,69,24.3,0.16,0.18,0.34,3.72,0.614,10.9,9.5,17.0,10.9,18.4,14.6,18.1,165.3,5.5,[[164.84755811]]
130,DeMar DeRozan,SA,66,35.2,0.45,-0.14,0.31,4.89,0.538,21.2,9.1,28.7,2.2,16.7,9.5,19.57,314.2,10.5,[[164.59561753]]
78,JJ Redick,PHI,66,31.4,1.9,-0.56,1.34,5.92,0.596,14.2,7.2,21.4,0.9,6.8,4.0,14.56,125.5,4.2,[[164.13258344]]
121,Klay Thompson,GS,66,34.5,2.16,-1.59,0.57,5.23,0.574,10.3,6.6,25.2,1.7,10.5,6.3,17.47,236.4,7.9,[[162.92439065]]
97,Jakob Poeltl,SA,66,16.2,-0.63,1.66,1.03,2.75,0.64,20.1,10.9,13.6,15.3,19.7,17.6,19.31,139.3,4.6,[[160.47887587]]
57,Nerlens Noel,OKC,66,14.2,-2.31,4.22,1.91,3.03,0.592,11.2,11.2,13.7,12.1,20.5,16.2,19.11,106.4,3.5,[[159.81739153]]
198,Deandre Ayton,PHX,66,31.0,-1.44,0.79,-0.65,3.08,0.608,10.9,10.0,20.3,11.1,26.2,18.5,20.76,309.8,10.3,[[159.55717917]]
106,Jayson Tatum,BOS,70,31.2,0.0,0.85,0.85,5.31,0.551,11.0,8.6,21.6,3.1,18.2,10.6,15.47,162.0,5.4,[[158.86155097]]
103,Jonas Valanciunas,TOR/MEM,42,20.7,-1.17,2.08,0.91,2.32,0.635,9.1,11.0,24.7,9.4,29.9,19.7,24.46,179.7,6.0,[[158.27913676]]
30,Davis Bertans,SA,65,21.6,2.36,0.6,2.96,5.43,0.647,15.3,6.6,13.4,1.8,16.2,9.1,13.51,63.2,2.1,[[157.08697672]]
123,Bam Adebayo,MIA,70,22.6,-1.04,1.61,0.57,3.58,0.626,20.8,14.2,16.1,9.4,22.7,16.1,17.5,162.8,5.4,[[156.9123615]]
86,PJ Tucker,HOU,70,34.9,-0.57,1.77,1.2,6.42,0.548,14.0,9.0,9.5,4.8,14.6,9.6,9.37,-41.3,-1.4,[[156.88893777]]
109,Jeremy Lamb,CHA,66,28.8,0.53,0.22,0.75,4.65,0.548,12.7,6.4,22.0,2.9,18.1,10.4,16.79,178.7,6.0,[[154.65780309]]
196,Richaun Holmes,PHX,64,16.4,-1.55,0.95,-0.6,1.65,0.656,10.5,9.7,17.2,10.8,20.6,15.6,21.05,149.7,5.0,[[152.35222978]]
119,Larry Nance Jr.,CLE,56,26.1,-0.12,0.7,0.58,3.41,0.581,24.6,11.5,16.2,10.2,23.9,16.8,18.28,148.2,4.9,[[150.79221909]]
52,Kelly Olynyk,MIA,67,22.5,0.71,1.38,2.09,4.82,0.616,16.0,12.6,18.7,4.5,18.1,11.3,15.23,83.9,2.8,[[148.80496327]]
53,Boban Marjanovic,LAC/PHI,46,11.6,-0.93,2.99,2.06,1.8,0.67,10.8,15.0,23.7,14.8,27.1,21.1,24.64,111.5,3.7,[[148.26912205]]
95,Marvin Williams,CHA,67,28.8,0.61,0.47,1.08,5.16,0.547,11.2,5.5,14.7,4.0,17.4,10.6,12.71,34.8,1.2,[[147.09052147]]
42,Andre Iguodala,GS,60,23.7,0.21,2.28,2.49,4.98,0.591,36.3,8.1,11.3,3.1,13.6,8.6,13.28,59.0,2.0,[[147.05815322]]
158,Serge Ibaka,TOR,64,28.0,-0.31,0.2,-0.11,3.44,0.576,8.9,9.7,21.6,8.4,22.7,15.7,18.38,207.8,6.9,[[143.54559297]]
84,Dewayne Dedmon,ATL,59,25.1,-0.47,1.68,1.21,4.12,0.589,12.4,11.5,16.7,7.0,25.1,15.9,15.81,114.9,3.8,[[142.63086186]]
58,Justise Winslow,MIA,61,29.7,0.39,1.47,1.86,5.64,0.517,23.0,11.4,21.7,3.5,16.1,9.8,13.26,74.6,2.5,[[136.91986443]]
56,Draymond Green,GS,54,31.4,-1.03,3.04,2.01,5.46,0.511,42.8,15.4,14.8,3.2,21.2,12.5,12.52,25.7,0.9,[[136.53221185]]
120,Noah Vonleh,NY,68,25.3,-0.77,1.35,0.58,4.07,0.561,17.8,12.1,14.9,6.7,26.2,16.1,13.98,63.8,2.1,[[136.05528451]]
61,Derrick White,SA,56,25.8,0.28,1.42,1.7,4.34,0.568,27.5,10.3,18.3,2.1,13.1,7.6,15.32,93.1,3.1,[[132.49832993]]
108,Reggie Jackson,DET,70,28.3,1.85,-1.05,0.8,4.59,0.554,21.4,8.7,24.6,2.0,8.2,5.0,15.42,130.6,4.4,[[132.07157642]]
100,Otto Porter Jr.,CHI/WSH,56,30.1,1.08,-0.13,0.95,4.28,0.569,13.8,7.5,20.9,3.5,17.0,10.2,15.92,136.0,4.5,[[130.50353148]]
175,Bojan Bogdanovic,IND,71,31.9,0.98,-1.28,-0.3,3.91,0.612,10.5,8.9,21.5,1.6,12.5,7.1,15.98,184.9,6.2,[[130.37412581]]
111,Jamal Murray,DEN,63,33.0,1.93,-1.18,0.75,4.93,0.533,20.0,9.2,25.8,2.9,10.8,6.9,15.32,134.1,4.5,[[130.06716259]]
207,Kenneth Faried,HOU/BKN,31,19.8,-0.47,-0.26,-0.73,0.95,0.629,5.9,8.8,19.6,14.8,23.7,19.2,22.41,99.9,3.3,[[129.467586]]
138,Kyle Kuzma,LAL,64,33.0,0.95,-0.71,0.24,4.7,0.551,12.5,9.0,23.2,2.9,14.4,8.8,14.53,95.5,3.2,[[128.58511048]]
408,JaVale McGee,LAL,63,21.2,-2.83,0.31,-2.52,0.54,0.628,5.6,12.6,19.2,11.7,21.2,16.5,21.27,212.7,7.1,[[127.22525751]]
91,Ryan Arcidiacono,CHI,71,24.4,1.08,0.08,1.16,4.55,0.598,36.0,8.6,11.8,1.3,10.3,5.8,11.07,1.8,0.1,[[125.94999426]]
143,Tomas Satoransky,WSH,69,26.2,0.21,-0.08,0.13,3.63,0.591,35.6,10.4,15.3,4.1,10.3,7.1,14.15,98.4,3.3,[[125.78385133]]
125,Cody Zeller,CHA,49,25.4,-0.68,1.13,0.45,2.87,0.611,17.9,10.9,16.4,9.4,19.6,14.4,17.31,124.4,4.1,[[125.15164397]]
124,Mikal Bridges,PHX,72,28.5,0.08,0.38,0.46,4.48,0.564,20.1,8.3,12.1,2.6,10.0,6.2,11.08,17.7,0.6,[[123.79408163]]
67,Nikola Mirotic,NO/MIL,45,27.1,0.69,0.89,1.58,3.84,0.581,7.9,7.0,21.0,4.9,23.0,14.1,16.96,99.4,3.3,[[122.94420175]]
96,Cory Joseph,IND,71,25.3,-0.37,1.45,1.08,4.64,0.49,32.6,8.3,15.0,2.2,13.2,7.8,11.38,10.1,0.3,[[122.50754848]]
318,Enes Kanter,NY/POR,56,24.1,-0.32,-1.46,-1.78,0.97,0.588,12.2,11.8,22.4,15.2,27.4,21.1,21.7,223.1,7.4,[[120.84691902]]
148,Devin Booker,PHX,57,35.2,2.74,-2.68,0.06,3.94,0.572,20.5,12.3,32.3,1.9,11.5,6.6,19.07,256.7,8.6,[[120.19808632]]
139,Khem Birch,ORL,39,12.1,-0.53,0.71,0.18,0.98,0.659,16.0,8.9,13.0,12.0,20.6,16.3,19.16,60.4,2.0,[[120.10287145]]
153,Joe Harris,BKN,67,29.8,1.54,-1.51,0.03,4.0,0.641,16.9,11.1,17.2,2.4,10.4,6.4,13.46,88.2,2.9,[[120.08348698]]
145,Alex Len,ATL,67,19.6,-1.31,1.41,0.1,2.8,0.566,8.9,11.5,21.4,10.9,19.3,15.0,16.6,117.3,3.9,[[119.34397366]]
37,Daniel Theis,BOS,56,14.0,0.55,2.07,2.62,2.72,0.634,17.2,8.7,16.1,10.3,16.9,13.6,17.68,72.3,2.4,[[118.51584444]]
173,Nicolas Batum,CHA,68,32.3,-0.01,-0.21,-0.22,4.07,0.585,25.4,12.0,14.2,3.2,14.8,9.0,12.4,62.1,2.1,[[118.32059975]]
347,Willy Hernangomez,CHA,48,13.6,-0.83,-1.18,-2.01,0.48,0.586,12.0,12.3,21.7,15.0,27.7,21.3,20.15,93.3,3.1,[[116.31697203]]
135,Cheick Diallo,NO,55,13.2,-1.86,2.13,0.27,1.56,0.637,6.5,13.2,15.9,8.6,29.5,19.2,17.69,66.9,2.2,[[113.87152321]]
87,Maximilian Kleber,DAL,62,20.6,-0.87,2.07,1.2,3.42,0.574,12.8,9.8,13.6,6.7,16.1,11.4,13.46,37.3,1.2,[[113.3111616]]
205,Zach LaVine,CHI,63,34.5,1.62,-2.34,-0.72,3.22,0.574,15.7,12.0,30.0,2.0,12.8,7.4,18.85,254.4,8.5,[[111.90960903]]
164,Jeff Green,WSH,69,28.1,0.59,-0.74,-0.15,3.54,0.613,14.2,10.0,17.0,2.9,13.3,8.0,13.53,87.5,2.9,[[111.59988008]]
127,Patty Mills,SA,71,23.6,2.39,-1.98,0.41,3.74,0.574,23.2,9.3,18.7,1.4,9.0,5.2,13.08,51.9,1.7,[[111.19223898]]
154,Gordon Hayward,BOS,64,25.4,0.96,-1.01,-0.05,3.12,0.559,23.6,10.0,19.5,3.1,15.0,9.0,15.05,110.3,3.7,[[109.74622555]]
180,Malik Beasley,DEN,69,23.8,1.93,-2.28,-0.35,2.81,0.62,11.2,5.5,17.9,2.0,9.6,5.8,14.81,105.5,3.5,[[108.72220757]]
294,Gorgui Dieng,MIN,64,12.7,-1.6,-0.06,-1.66,0.77,0.568,13.5,9.7,17.9,8.4,25.1,16.6,17.35,81.8,2.7,[[105.90249318]]
174,Jaren Jackson Jr.,MEM,58,26.1,-2.25,1.96,-0.29,2.66,0.591,7.6,11.7,21.8,5.4,15.1,10.1,16.55,114.1,3.8,[[104.2869507]]
137,Ivica Zubac,LAC/LAL,48,17.0,-2.11,2.36,0.25,1.75,0.581,11.3,11.5,21.4,12.2,23.1,17.8,18.35,94.6,3.2,[[103.89990278]]
152,Jae Crowder,UTAH,69,27.8,1.11,-1.08,0.03,3.88,0.538,12.1,7.5,18.6,3.1,15.8,9.5,12.2,20.0,0.7,[[103.79315818]]
77,Fred VanVleet,TOR,53,27.0,1.34,0.02,1.36,3.98,0.537,29.5,8.0,19.0,1.5,9.0,5.3,13.67,57.0,1.9,[[103.77546218]]
252,Ivan Rabb,MEM,38,12.8,-1.18,-0.06,-1.24,0.58,0.632,16.3,11.3,16.9,11.7,22.5,17.0,18.01,47.1,1.6,[[102.50802265]]
354,Jahlil Okafor,NO,50,14.4,-1.96,-0.1,-2.06,0.5,0.602,7.4,10.3,19.3,10.2,20.8,15.6,18.13,80.9,2.7,[[102.42382487]]
160,Harrison Barnes,DAL/SAC,64,33.0,-0.32,0.18,-0.14,4.13,0.545,8.0,7.1,22.8,2.5,12.8,7.7,13.14,83.2,2.8,[[101.38025997]]
105,Joakim Noah,MEM,40,16.7,-1.63,2.5,0.87,1.68,0.571,22.5,12.3,20.2,9.0,29.4,19.0,18.76,81.3,2.7,[[100.76472116]]
171,Jonathan Isaac,ORL,65,26.6,-1.69,1.49,-0.2,3.26,0.536,9.3,9.4,15.6,5.0,16.6,10.7,12.62,28.9,1.0,[[100.61372392]]
199,Marcus Morris,BOS,66,27.8,0.49,-1.15,-0.66,2.83,0.584,9.3,8.5,20.2,3.7,19.9,11.8,14.94,94.2,3.1,[[100.06286632]]
110,Landry Shamet,LAC/PHI,69,22.2,2.25,-1.5,0.75,3.7,0.613,14.1,5.8,15.2,1.2,6.0,3.7,11.31,7.2,0.2,[[100.0128679]]
146,Delon Wright,TOR/MEM,63,20.4,-0.26,0.34,0.08,2.6,0.517,23.6,7.8,17.5,4.4,11.7,8.0,14.36,64.4,2.1,[[99.33430782]]
187,Spencer Dinwiddie,BKN,58,28.2,2.33,-2.85,-0.52,2.63,0.589,22.0,10.4,26.4,1.5,7.9,4.7,17.56,160.3,5.3,[[99.32307295]]
226,Robin Lopez,CHI,64,20.9,-1.94,0.97,-0.97,1.75,0.603,11.1,13.0,17.9,9.5,10.5,10.0,16.02,108.3,3.6,[[99.07698362]]
115,Ricky Rubio,UTAH,60,28.4,0.08,0.57,0.65,4.15,0.508,28.8,13.0,24.2,2.0,11.8,6.9,13.28,58.0,1.9,[[98.41280946]]
141,Meyers Leonard,POR,55,14.2,0.61,-0.46,0.15,1.55,0.673,19.2,11.2,15.3,5.8,21.9,14.0,15.82,50.3,1.7,[[96.01721952]]
80,Langston Galloway,DET,68,21.5,3.31,-2.03,1.28,3.84,0.551,11.7,3.6,15.9,2.7,8.2,5.4,11.1,13.0,0.4,[[94.86169332]]
101,Tyus Jones,MIN,56,21.1,0.01,0.93,0.94,3.07,0.476,38.2,5.7,15.4,1.5,8.1,4.8,13.06,36.3,1.2,[[94.77782433]]
140,Bogdan Bogdanovic,SAC,57,28.2,0.6,-0.42,0.18,3.48,0.523,20.2,9.2,22.9,1.7,11.8,6.7,13.83,79.8,2.7,[[91.32283856]]
281,Derrick Rose,MIN,51,27.3,1.41,-2.96,-1.55,1.43,0.557,19.5,7.3,28.0,2.5,8.3,5.4,19.68,180.4,6.0,[[90.95011271]]
317,Bismack Biyombo,CHA,41,14.2,-2.67,0.89,-1.78,0.49,0.618,10.8,12.9,12.0,10.9,23.9,17.3,15.18,39.7,1.3,[[89.23799302]]
184,Lauri Markkanen,CHI,49,32.7,0.15,-0.56,-0.41,2.63,0.555,7.2,8.2,23.4,4.4,25.6,15.0,16.85,127.8,4.3,[[89.19468904]]
98,Ersan Ilyasova,MIL,57,17.8,-0.42,1.37,0.95,2.74,0.56,10.6,9.0,15.6,9.5,15.8,12.8,12.93,21.6,0.7,[[88.48814979]]
165,Evan Fournier,ORL,70,31.4,0.73,-0.9,-0.17,4.08,0.522,18.7,10.0,22.2,1.7,9.0,5.3,11.43,30.4,1.0,[[88.10632451]]
51,Victor Oladipo,IND,36,31.9,0.97,1.15,2.12,3.67,0.519,20.3,8.9,28.3,2.1,17.2,9.8,17.8,125.0,4.2,[[87.20439919]]
150,Jonas Jerebko,GS,61,17.2,0.35,-0.3,0.05,2.11,0.587,18.5,8.3,14.8,7.1,19.2,13.4,13.34,28.7,1.0,[[86.9568103]]
34,Robert Covington,MIN/PHI,35,34.4,-0.76,3.49,2.73,4.36,0.58,9.3,9.5,16.2,2.5,14.6,8.6,13.43,52.6,1.8,[[86.86804548]]
182,Jaylen Brown,BOS,66,25.9,-1.12,0.76,-0.36,2.97,0.54,9.0,9.1,21.5,3.8,14.1,8.9,13.45,75.2,2.5,[[86.31660801]]
357,Tristan Thompson,CLE,35,29.8,-1.4,-0.68,-2.08,0.68,0.547,15.3,10.2,17.5,15.8,26.0,20.7,18.68,125.8,4.2,[[86.00527438]]
192,Terry Rozier,BOS,68,22.9,-0.59,0.03,-0.56,2.48,0.502,23.3,6.8,19.2,2.1,16.6,9.3,13.37,55.0,1.8,[[84.20063782]]
94,Zaza Pachulia,DET,57,13.6,-2.4,3.49,1.09,1.95,0.536,22.4,13.5,15.7,12.5,22.1,17.1,14.53,45.4,1.5,[[83.91015251]]
224,Terrence Ross,ORL,70,26.3,0.23,-1.14,-0.91,2.55,0.543,9.9,7.0,23.3,1.3,12.9,7.0,14.45,108.6,3.6,[[83.66670205]]
213,Derrick Jones Jr.,MIA,50,18.6,-1.27,0.49,-0.78,1.31,0.564,7.5,10.0,16.1,9.9,13.5,11.7,15.03,63.0,2.1,[[81.18232653]]
156,Josh Hart,LAL,66,25.7,-1.62,1.54,-0.08,3.45,0.523,14.1,8.7,13.3,2.2,12.5,7.5,9.35,-29.2,-1.0,[[81.13670004]]
117,Tyson Chandler,LAL/PHX,53,16.0,-2.87,3.48,0.61,2.08,0.625,17.7,18.6,8.0,11.5,25.0,18.3,11.47,10.9,0.4,[[80.69968391]]
257,Kelly Oubre Jr.,PHX/WSH,69,28.0,0.24,-1.56,-1.32,2.19,0.551,7.4,9.1,23.6,4.0,14.7,9.3,15.26,137.3,4.6,[[80.54471641]]
443,Marvin Bagley III,SAC,50,24.5,-1.36,-1.54,-2.9,0.18,0.572,6.7,10.4,22.3,9.9,20.1,14.9,18.8,133.6,4.5,[[79.68021571]]
261,Ante Zizic,CLE,51,18.4,-2.52,1.18,-1.34,1.04,0.58,9.4,12.0,17.6,9.8,22.9,16.1,15.37,66.6,2.2,[[79.4162483]]
463,Cristiano Felicio,CHI,50,10.5,-2.62,-0.63,-3.25,-0.04,0.579,11.3,11.8,13.9,12.1,20.3,16.2,13.67,17.0,0.6,[[79.31567305]]
118,Maurice Harkless,POR,49,22.7,-1.03,1.63,0.6,2.52,0.546,13.3,8.1,13.4,5.7,14.1,10.0,12.73,37.0,1.2,[[79.2469445]]
436,Jordan Bell,GS,57,11.6,-2.95,0.13,-2.82,0.13,0.551,24.9,12.4,12.9,8.1,17.6,13.0,13.62,21.0,0.7,[[79.01210266]]
218,Jake Layman,POR,59,18.6,-0.9,0.02,-0.88,1.49,0.597,9.6,9.0,15.7,5.2,13.3,9.3,13.84,54.6,1.8,[[78.05725128]]
172,Kevin Huerter,ATL,65,27.1,-0.03,-0.18,-0.21,3.42,0.537,20.8,11.6,16.1,3.0,10.1,6.5,9.97,-13.9,-0.5,[[77.35406498]]
215,Tim Hardaway Jr.,DAL/NY,64,31.8,0.85,-1.68,-0.83,2.96,0.526,11.4,7.7,23.5,1.7,10.1,5.8,13.71,88.4,2.9,[[76.88393535]]
179,DeMarre Carroll,BKN,58,25.2,-0.15,-0.19,-0.34,2.61,0.55,10.6,8.5,18.4,4.4,17.7,11.1,12.73,48.7,1.6,[[76.42400117]]
219,T.J. Warren,PHX,43,31.6,0.12,-1.0,-0.88,1.96,0.58,8.2,6.7,21.6,2.5,11.9,7.1,16.42,120.1,4.0,[[75.64392577]]
176,Zach Collins,POR,65,17.7,-1.29,0.99,-0.3,1.92,0.549,12.3,12.7,16.1,8.5,16.7,12.7,12.84,23.0,0.8,[[75.63455698]]
131,Omri Casspi,MEM,36,14.4,-0.91,1.2,0.29,1.15,0.606,11.0,9.8,17.4,3.6,21.6,12.5,15.89,0.0,0.0,[[74.60926841]]
233,Michael Kidd-Gilchrist,CHA,57,19.0,-1.62,0.58,-1.04,1.42,0.552,11.3,8.8,15.6,8.3,14.3,11.3,13.53,49.0,1.6,[[74.19958985]]
151,Eric Gordon,HOU,57,32.4,1.72,-1.69,0.03,3.61,0.535,11.1,7.3,22.2,0.9,7.6,4.2,12.13,45.0,1.5,[[73.78442914]]
186,Juan Hernangomez,DEN,63,20.3,-0.71,0.22,-0.49,2.03,0.59,11.8,8.5,12.5,5.3,16.6,10.9,11.56,1.2,0.0,[[73.65395166]]
168,Wesley Matthews,DAL/IND/NY,61,30.6,0.29,-0.47,-0.18,3.44,0.557,15.1,8.9,18.8,0.0,0.0,0.0,11.0,13.9,0.5,[[72.86099785]]
243,Sam Dekker,CLE/WSH,42,16.1,-1.06,-0.1,-1.16,0.82,0.538,13.6,6.5,14.8,7.0,14.7,10.8,14.43,39.6,1.3,[[72.56566705]]
262,Trevor Ariza,PHX/WSH,67,34.7,0.1,-1.45,-1.35,2.53,0.532,21.6,9.2,14.1,2.3,15.3,8.7,12.03,53.2,1.8,[[72.20291735]]
202,Vince Carter,ATL,66,16.9,-0.6,-0.11,-0.71,1.78,0.576,13.6,7.8,16.6,2.6,13.1,7.7,12.22,28.6,1.0,[[70.73035213]]
66,DeMarcus Cousins,GS,21,25.8,-1.13,2.73,1.6,1.61,0.557,18.2,11.5,26.9,5.5,26.2,16.3,20.83,82.8,2.8,[[70.42999597]]
181,Royce O'Neale,UTAH,70,19.7,-1.75,1.39,-0.36,2.46,0.591,22.5,12.4,11.5,1.6,17.3,9.5,9.52,-20.2,-0.7,[[70.41967314]]
169,Kyle Anderson,MEM,43,29.8,-2.73,2.54,-0.19,2.32,0.569,26.1,11.8,13.1,4.2,18.2,11.1,12.88,45.4,1.5,[[70.39691148]]
178,Pat Connaughton,MIL,49,18.6,0.1,-0.41,-0.31,1.64,0.549,23.7,6.2,13.9,5.1,14.1,9.9,12.82,31.5,1.1,[[69.98116091]]
99,Mike Muscala,LAL/PHI,57,19.9,-0.84,1.79,0.95,2.87,0.552,14.7,9.6,12.4,5.0,14.4,9.9,10.19,-22.1,-0.7,[[69.89955398]]
358,T.J. McConnell,PHI,64,19.8,-0.54,-1.54,-2.08,0.83,0.565,34.3,11.8,16.4,2.2,9.8,6.1,14.01,57.0,1.9,[[69.27653242]]
190,Jeff Teague,MIN,42,30.1,0.29,-0.85,-0.56,2.09,0.528,37.1,10.5,21.9,1.3,7.7,4.5,15.54,85.7,2.9,[[69.26084718]]
211,Rodney Hood,CLE/POR,61,26.0,-0.08,-0.67,-0.75,2.34,0.548,13.4,5.7,19.2,1.4,8.2,4.7,12.69,51.8,1.7,[[68.50178045]]
144,Darius Miller,NO,65,25.7,0.83,-0.72,0.11,3.38,0.56,20.0,7.9,13.5,0.8,6.6,3.7,8.65,-46.1,-1.5,[[68.46829858]]
191,Shabazz Napier,BKN,54,17.4,0.47,-1.03,-0.56,1.53,0.534,20.2,9.6,24.7,1.6,8.9,5.3,15.41,62.0,2.1,[[68.34222598]]
92,Aron Baynes,BOS,42,14.8,-1.41,2.53,1.12,1.7,0.558,17.5,11.4,16.0,11.8,18.7,15.2,14.09,32.4,1.1,[[66.97329914]]
503,Mo Bamba,ORL,47,16.3,-4.12,-0.52,-4.64,-0.73,0.539,11.1,12.2,17.4,8.8,23.9,16.3,15.01,50.4,1.7,[[66.15360867]]
260,Dorian Finney-Smith,DAL,70,25.5,-0.78,-0.56,-1.34,1.98,0.542,12.5,10.6,13.2,7.4,13.1,10.3,11.07,15.1,0.5,[[65.82341344]]
228,Tony Snell,MIL,70,17.4,0.44,-1.42,-0.98,1.67,0.587,14.4,4.8,12.6,2.3,8.9,5.8,10.72,4.1,0.1,[[65.70689726]]
185,Frank Kaminsky,CHA,34,13.8,-0.97,0.5,-0.47,0.81,0.589,13.5,10.9,21.6,6.6,17.5,12.0,16.08,32.0,1.1,[[65.14809822]]
155,Lonzo Ball,LAL,47,30.3,-1.36,1.3,-0.06,2.92,0.487,30.5,12.3,18.2,4.0,14.0,9.2,11.87,18.4,0.6,[[64.11393741]]
338,Trey Burke,DAL/NY,46,18.9,0.08,-2.03,-1.95,0.64,0.505,18.3,6.4,22.6,2.6,7.5,5.0,15.72,61.3,2.0,[[62.75056076]]
114,Gary Harris,DEN,44,28.7,0.06,0.6,0.66,2.91,0.532,15.2,7.3,21.1,2.8,8.3,5.5,13.22,51.1,1.7,[[62.53317501]]
309,Dario Saric,MIN/PHI,69,24.5,0.15,-1.88,-1.73,1.51,0.557,13.0,10.4,17.3,6.8,17.9,12.4,12.72,30.8,1.0,[[62.35294805]]
72,Kevin Love,CLE,16,27.4,0.05,1.37,1.42,1.28,0.579,11.5,9.7,28.0,6.6,39.9,22.6,21.56,65.9,2.2,[[62.30218875]]
283,Kentavious Caldwell-Pope,LAL,70,23.2,0.7,-2.27,-1.57,1.63,0.568,10.2,7.2,16.2,2.4,9.2,5.9,11.9,34.0,1.1,[[61.92125113]]
282,Yogi Ferrell,SAC,58,14.6,-0.04,-1.52,-1.56,0.85,0.546,25.4,6.6,16.7,1.4,9.9,5.6,12.89,23.8,0.8,[[61.87619706]]
268,Marcin Gortat,LAC,47,16.0,-3.2,1.8,-1.4,0.81,0.562,20.2,15.5,14.6,9.7,26.5,18.4,12.91,0.0,0.0,[[61.18944817]]
356,Wendell Carter Jr.,CHI,44,25.2,-4.3,2.24,-2.06,0.75,0.541,13.8,11.5,18.7,8.6,21.7,15.1,15.31,78.0,2.6,[[61.13342854]]
311,Shai Gilgeous-Alexander,LAC,71,25.8,-1.03,-0.72,-1.75,1.61,0.547,21.8,12.6,18.6,2.9,8.2,5.6,12.67,45.7,1.5,[[59.19365082]]
297,Marco Belinelli,SA,69,23.1,1.1,-2.79,-1.69,1.46,0.568,14.5,7.2,19.2,1.0,10.7,5.9,12.78,54.4,1.8,[[58.43786071]]
439,Harry Giles III,SAC,56,14.2,-2.73,-0.14,-2.87,0.14,0.526,15.6,13.0,23.2,8.4,19.9,14.0,14.71,38.0,1.3,[[56.85085664]]
253,Doug McDermott,IND,66,16.8,0.0,-1.26,-1.26,1.28,0.621,12.1,7.7,15.4,1.3,7.7,4.6,11.4,14.8,0.5,[[56.4868537]]
128,David Nwaba,CLE,40,19.4,-0.52,0.92,0.4,1.59,0.568,14.8,7.2,14.7,4.3,13.7,8.8,12.94,28.3,0.9,[[55.45309619]]
266,Kyle Korver,CLE/UTAH,64,19.2,-0.63,-0.74,-1.37,1.4,0.598,11.6,9.3,17.5,0.6,12.2,6.4,11.81,24.0,0.8,[[55.29477725]]
255,Jonah Bolden,PHI,36,13.3,-2.15,0.87,-1.28,0.58,0.601,15.5,16.6,13.9,7.6,20.3,14.2,12.49,7.0,0.2,[[55.10230113]]
476,JaMychal Green,LAC/MEM,56,21.3,-2.28,-1.27,-3.55,-0.32,0.578,7.4,14.1,15.6,8.8,24.3,16.5,14.45,52.5,1.7,[[53.49520706]]
458,Dante Cunningham,SA,59,15.1,-2.32,-0.81,-3.13,0.0,0.608,21.2,9.3,8.9,5.8,16.7,11.3,10.73,3.1,0.1,[[53.45433131]]
383,Tony Parker,CHA,56,17.9,-0.86,-1.36,-2.22,0.58,0.512,25.9,9.4,26.6,1.5,7.5,4.5,15.5,67.4,2.2,[[53.40237944]]
284,Bryn Forbes,SA,71,27.8,0.31,-1.88,-1.57,1.89,0.569,15.6,7.8,17.4,0.9,10.4,5.7,11.43,27.4,0.9,[[52.95027465]]
386,Alfonzo McKinnie,GS,59,13.9,-1.51,-0.77,-2.28,0.44,0.564,8.3,8.3,13.7,9.9,16.8,13.5,11.42,11.3,0.4,[[52.9424829]]
238,Gerald Green,HOU,66,21.0,0.89,-1.98,-1.09,1.75,0.556,5.9,8.2,18.7,2.3,11.8,6.9,11.41,18.8,0.6,[[52.26463295]]
351,Bobby Portis,CHI/WSH,39,25.1,-0.74,-1.31,-2.05,0.65,0.54,7.9,9.9,25.3,8.9,25.2,17.0,16.48,72.7,2.4,[[51.19026492]]
136,George Hill,CLE/MIL,49,21.5,-0.87,1.13,0.26,2.2,0.542,24.1,8.7,17.8,3.2,8.3,5.8,11.45,7.1,0.2,[[50.59398655]]
74,Nene Hilario,HOU,36,13.3,-1.89,3.27,1.38,1.32,0.575,14.9,6.8,11.4,6.4,19.5,12.8,12.52,13.6,0.5,[[50.37668297]]
305,Jalen Brunson,DAL,62,20.8,-0.21,-1.5,-1.71,1.11,0.55,23.9,9.8,19.6,1.9,10.0,6.0,12.75,33.6,1.1,[[50.15454831]]
217,Garrett Temple,LAC/MEM,64,28.1,-1.78,0.91,-0.87,2.51,0.538,13.6,9.7,11.0,1.4,10.3,5.8,8.26,-60.3,-2.0,[[49.92597661]]
104,Luke Kornet,NY,36,15.6,-1.32,2.23,0.91,1.42,0.517,13.9,6.8,18.3,3.5,13.2,8.2,13.84,19.6,0.7,[[49.62950358]]
197,J.J. Barea,DAL,38,19.8,-0.01,-0.64,-0.65,1.21,0.495,30.0,10.3,30.2,1.9,11.7,6.8,16.53,62.1,2.1,[[49.28933947]]
246,Thon Maker,DET/MIL,52,13.6,-2.21,1.03,-1.18,0.8,0.518,12.0,8.0,15.3,5.2,17.7,11.6,11.71,2.2,0.1,[[49.00899571]]
445,Shaun Livingston,GS,55,15.4,-3.05,0.14,-2.91,0.11,0.533,29.1,10.3,13.2,5.0,7.6,6.3,11.43,5.5,0.2,[[48.62278119]]
310,Damyean Dotson,NY,62,26.2,-0.16,-1.58,-1.74,1.41,0.534,13.3,6.5,17.5,2.1,13.0,7.3,12.05,37.6,1.3,[[48.08236161]]
247,Amir Johnson,PHI,43,10.3,-1.92,0.73,-1.19,0.56,0.582,21.0,18.1,18.6,9.2,19.8,14.7,12.63,13.4,0.4,[[48.05492484]]
411,Jeremy Lin,ATL/TOR,64,19.9,-1.01,-1.52,-2.53,0.5,0.568,23.5,12.9,23.8,1.7,11.3,6.4,14.38,64.3,2.1,[[47.2126215]]
482,Omari Spellman,ATL,46,17.5,-1.8,-1.89,-3.69,-0.31,0.516,13.8,9.1,14.9,9.3,16.4,12.8,12.5,12.1,0.4,[[46.51297959]]
149,Ian Mahinmi,WSH,32,14.2,-2.61,2.66,0.05,0.83,0.56,15.3,12.8,12.2,9.5,16.8,13.1,12.34,11.7,0.4,[[46.21388276]]
403,Jabari Parker,CHI/WSH,56,26.8,-1.26,-1.21,-2.47,0.63,0.566,13.7,14.0,24.2,4.6,22.2,13.4,15.48,89.4,3.0,[[45.79192649]]
341,Tim Frazier,NO,47,19.3,-0.91,-1.07,-1.98,0.68,0.552,43.0,12.5,14.6,3.7,11.9,7.8,11.71,0.0,0.0,[[45.72293659]]
437,Miles Bridges,CHA,67,19.1,-1.88,-0.97,-2.85,0.22,0.532,11.2,7.7,15.1,4.1,16.7,10.3,12.08,30.1,1.0,[[44.80886183]]
362,James Ennis III,HOU/PHI,52,21.7,-0.98,-1.14,-2.12,0.69,0.601,9.5,8.6,11.6,5.0,10.4,7.7,11.04,9.0,0.3,[[44.43609215]]
412,Shaquille Harrison,CHI,63,17.8,-2.07,-0.47,-2.54,0.4,0.489,22.5,9.4,15.9,2.1,13.5,7.8,11.74,12.4,0.4,[[43.88517979]]
464,Quinn Cook,GS,61,13.4,-0.79,-2.47,-3.26,-0.07,0.543,18.4,8.0,20.2,2.6,14.0,8.5,12.58,19.2,0.6,[[43.81287858]]
374,Lance Stephenson,LAL,61,15.6,-0.65,-1.52,-2.17,0.59,0.537,19.9,12.4,21.3,3.0,15.9,9.6,12.54,29.0,1.0,[[43.09473897]]
287,John Wall,WSH,32,34.5,-0.44,-1.16,-1.6,1.08,0.527,27.1,11.8,30.1,1.5,10.1,5.7,18.11,117.1,3.9,[[42.37970467]]
273,Elfrid Payton,NO,33,29.5,-0.97,-0.5,-1.47,1.05,0.509,36.2,12.5,20.5,4.9,14.5,9.8,14.64,52.9,1.8,[[42.19845353]]
142,Danuel House Jr.,HOU,27,25.3,0.41,-0.26,0.15,1.37,0.649,11.1,10.3,14.0,3.5,12.9,8.1,13.0,25.4,0.8,[[41.07992837]]
295,Furkan Korkmaz,PHI,46,14.2,-0.41,-1.25,-1.66,0.6,0.533,15.5,7.6,17.7,2.7,14.0,8.5,11.72,11.9,0.4,[[41.0191912]]
372,Emmanuel Mudiay,NY,52,26.3,-0.35,-1.8,-2.15,0.85,0.538,19.2,12.0,25.7,2.1,10.5,6.1,14.98,81.2,2.7,[[40.84522035]]
251,Seth Curry,POR,64,17.4,-0.62,-0.62,-1.24,1.22,0.581,11.7,10.2,15.7,2.1,6.4,4.3,10.26,-4.0,-0.1,[[40.59369335]]
367,Norman Powell,TOR,49,18.6,-0.68,-1.46,-2.14,0.55,0.574,15.1,11.1,19.2,1.7,10.2,6.0,12.52,27.5,0.9,[[40.37453907]]
320,Tyler Johnson,MIA/PHX,57,26.8,-0.73,-1.07,-1.8,1.21,0.532,20.1,9.3,19.6,2.4,9.9,6.1,12.56,47.0,1.6,[[39.97822646]]
381,Jerian Grant,ORL,55,16.7,-1.72,-0.49,-2.21,0.53,0.523,35.9,11.8,14.4,2.2,9.1,5.6,10.65,-4.8,-0.2,[[39.36836149]]
265,Andrew Wiggins,MIN,61,34.7,0.0,-1.36,-1.36,2.41,0.48,10.4,7.9,23.9,3.5,11.4,7.4,11.83,41.9,1.4,[[39.09208626]]
454,Jordan Clarkson,CLE,70,27.1,1.05,-4.1,-3.05,0.09,0.539,12.0,8.5,27.7,4.0,10.1,6.9,16.85,165.5,5.5,[[38.61667188]]
490,Hamidou Diallo,OKC,48,10.9,-2.41,-1.48,-3.89,-0.26,0.497,7.4,10.0,16.2,7.3,11.8,9.5,10.17,-2.6,-0.1,[[38.51923947]]
400,Gary Clark,HOU,43,13.7,-1.92,-0.48,-2.4,0.26,0.492,11.6,3.4,9.4,3.7,16.4,9.9,9.06,-21.3,-0.7,[[37.11838022]]
343,Kent Bazemore,ATL,57,25.5,-2.26,0.27,-1.99,1.09,0.518,14.6,11.8,22.0,2.4,14.6,8.4,12.75,48.7,1.6,[[36.58677178]]
398,Trey Lyles,DEN,56,18.3,-2.31,-0.07,-2.38,0.48,0.503,12.0,9.5,23.5,4.4,19.4,11.9,13.13,24.9,0.8,[[36.20299191]]
301,Luke Kennard,DET,52,22.4,-0.17,-1.52,-1.69,0.98,0.551,15.9,7.6,18.2,0.9,13.6,7.0,11.71,21.1,0.7,[[35.35868986]]
413,Sterling Brown,MIL,48,16.0,-1.72,-0.82,-2.54,0.28,0.563,19.0,10.1,14.0,3.4,13.8,8.9,10.35,-1.7,-0.1,[[34.98222788]]
361,Justin Jackson,DAL/SAC,69,18.8,-0.58,-1.52,-2.1,0.87,0.537,15.2,5.1,15.6,2.5,11.4,6.9,9.93,-11.0,-0.4,[[34.54605696]]
183,Tyreke Evans,IND,59,19.7,-0.74,0.36,-0.38,1.97,0.48,16.5,11.5,26.1,2.8,12.1,7.6,11.64,19.7,0.7,[[34.52709059]]
333,Brandon Ingram,LAL,52,33.8,-1.23,-0.69,-1.92,1.38,0.555,13.5,11.3,22.9,2.5,13.0,7.9,13.64,82.4,2.7,[[34.06045828]]
353,Jaron Blossomgame,CLE,27,16.3,-2.32,0.26,-2.06,0.3,0.51,9.6,8.1,12.0,6.3,18.9,12.4,10.23,-1.8,-0.1,[[32.56353953]]
489,Devonte' Graham,CHA,33,13.3,-1.95,-1.93,-3.88,-0.21,0.483,29.0,9.0,18.2,1.0,9.2,5.0,10.41,-3.8,-0.1,[[31.77609152]]
223,Troy Daniels,PHX,41,12.9,-0.92,0.02,-0.9,0.74,0.581,8.6,9.4,17.5,1.7,8.4,5.0,11.02,4.1,0.1,[[31.50604633]]
483,Abdel Nader,OKC,52,11.7,-3.0,-0.71,-3.71,-0.23,0.541,7.2,9.7,14.4,1.8,15.6,8.5,9.2,-11.8,-0.4,[[30.55710384]]
214,Wilson Chandler,LAC/PHI,40,25.0,-0.9,0.1,-0.8,1.48,0.551,21.8,11.5,9.8,5.1,13.4,9.4,8.97,-22.7,-0.8,[[30.31410016]]
410,Torrey Craig,DEN,62,20.4,-1.55,-0.97,-2.52,0.47,0.527,13.1,9.7,12.8,6.8,12.8,9.8,9.86,-12.1,-0.4,[[30.1653279]]
484,Cameron Payne,CHI/CLE,40,17.8,-1.36,-2.36,-3.72,-0.27,0.519,27.0,11.5,18.2,2.0,9.2,5.6,11.62,0.0,0.0,[[29.75767405]]
396,Aaron Holiday,IND,42,11.3,-1.71,-0.64,-2.35,0.23,0.495,19.1,9.1,23.2,1.0,11.8,6.5,11.79,5.6,0.2,[[29.7254287]]
167,Goran Dragic,MIA,24,26.0,-0.25,0.07,-0.18,1.11,0.549,21.9,9.7,26.5,1.4,10.5,5.9,15.9,45.6,1.5,[[29.6407088]]
159,D.J. Wilson,MIL,36,16.7,-1.62,1.49,-0.13,1.13,0.522,13.1,9.2,13.6,5.6,19.0,12.7,10.3,-10.7,-0.4,[[29.48944648]]
447,Dwyane Wade,MIA,60,25.6,-0.69,-2.24,-2.93,0.19,0.508,20.2,11.1,28.2,3.7,11.9,7.8,15.53,115.6,3.9,[[29.07018593]]
337,James Johnson,MIA,43,20.8,-2.44,0.49,-1.95,0.65,0.526,20.9,11.5,18.8,2.0,14.3,8.2,11.67,2.2,0.1,[[28.99294536]]
336,Mike Scott,LAC/PHI,68,16.6,-1.75,-0.19,-1.94,0.9,0.52,12.8,9.1,14.7,3.6,17.5,10.8,8.74,-46.6,-1.6,[[28.69142709]]
216,Ish Smith,DET,44,22.3,-0.52,-0.32,-0.84,1.34,0.486,26.2,8.2,20.6,1.9,10.9,6.2,11.63,9.2,0.3,[[28.61807786]]
276,Anthony Tolliver,MIN,53,15.8,-1.67,0.17,-1.5,0.86,0.581,11.4,10.3,12.4,1.5,15.6,8.5,8.6,-36.3,-1.2,[[27.77199497]]
269,Josh Okogie,MIN,62,22.9,-1.27,-0.14,-1.41,1.61,0.478,11.9,9.7,15.7,2.8,11.1,6.9,8.55,-41.3,-1.4,[[27.5097316]]
444,Devin Harris,DAL,57,15.2,-0.94,-1.97,-2.91,0.11,0.529,19.1,10.1,18.9,1.1,9.6,5.4,10.78,-2.9,-0.1,[[26.80507456]]
328,Matthew Dellavedova,CLE/MIL,48,16.9,-1.15,-0.7,-1.85,0.64,0.532,35.2,13.2,20.4,0.8,9.9,5.2,11.13,1.6,0.1,[[25.87554501]]
371,Dennis Schroder,OKC,68,28.9,-0.02,-2.13,-2.15,1.23,0.501,19.1,10.3,25.5,1.6,11.0,6.2,12.64,48.3,1.6,[[25.55861934]]
508,Nik Stauskas,CLE/POR,58,15.4,-2.37,-2.65,-5.02,-1.0,0.547,17.0,10.7,17.1,1.9,11.6,6.8,11.06,7.5,0.3,[[25.45249707]]
438,Markieff Morris,OKC/WSH,47,23.5,-1.52,-1.35,-2.87,0.14,0.528,12.1,8.6,17.3,4.8,17.6,11.1,11.9,6.7,0.2,[[24.88428919]]
299,Chasson Randle,WSH,38,14.9,-0.62,-1.07,-1.69,0.49,0.583,24.5,12.3,17.1,1.5,6.9,4.2,10.36,-5.4,-0.2,[[24.16859865]]
446,Trae Young,ATL,71,30.7,1.83,-4.75,-2.92,0.3,0.537,26.9,13.5,29.7,2.4,10.1,6.2,16.15,167.6,5.6,[[23.73070985]]
335,Dante Exum,UTAH,42,15.8,-1.62,-0.31,-1.93,0.51,0.516,25.0,11.8,22.1,2.6,8.4,5.5,11.35,3.5,0.1,[[22.38130071]]
366,Brandon Knight,CLE/HOU,28,16.0,-1.72,-0.41,-2.13,0.27,0.498,20.4,5.9,18.0,1.4,8.0,4.6,10.79,-1.4,-0.0,[[22.17750673]]
377,Rodney McGruder,MIA,63,23.9,-1.53,-0.65,-2.18,0.9,0.517,16.8,9.6,15.7,3.9,12.2,8.0,9.59,-20.5,-0.7,[[21.97529081]]
480,Alec Burks,CLE/SAC/UTAH,62,22.0,-1.35,-2.23,-3.58,-0.4,0.523,17.3,8.9,19.6,0.0,0.0,0.0,12.74,45.5,1.5,[[21.4736224]]
512,Antonio Blakeney,CHI,50,13.5,-2.86,-3.17,-6.03,-1.22,0.502,6.7,7.4,23.9,1.0,12.5,6.7,11.38,8.9,0.3,[[20.6294389]]
254,Semi Ojeleye,BOS,48,10.4,-1.95,0.67,-1.28,0.58,0.532,10.4,9.8,12.9,4.5,11.2,7.8,8.13,-25.2,-0.8,[[20.57769357]]
242,Caris LeVert,BKN,30,26.9,-1.09,-0.07,-1.16,0.96,0.498,19.3,9.9,25.1,2.9,12.7,7.8,13.9,41.0,1.4,[[20.21999938]]
449,OG Anunoby,TOR,60,20.5,-2.21,-0.76,-2.97,0.12,0.544,8.2,9.7,14.9,4.8,11.1,8.0,10.04,-8.4,-0.3,[[20.15651991]]
424,Dragan Bender,PHX,36,14.3,-3.13,0.47,-2.66,0.14,0.512,16.3,12.1,13.1,4.9,19.9,12.2,8.52,-22.9,-0.8,[[19.70319023]]
355,Dennis Smith Jr.,DAL/NY,49,28.8,-1.53,-0.53,-2.06,0.96,0.506,23.2,13.6,24.0,2.2,8.7,5.4,12.62,34.0,1.1,[[19.07345498]]
339,Kris Dunn,CHI,44,30.2,-1.39,-0.56,-1.95,0.94,0.488,30.0,11.8,21.0,1.5,13.2,7.3,12.31,25.9,0.9,[[18.97731857]]
432,E'Twaun Moore,NO,53,27.6,-0.26,-2.48,-2.74,0.37,0.567,14.2,8.2,17.3,2.5,6.5,4.5,11.58,17.1,0.6,[[18.93391384]]
493,Patrick Patterson,OKC,61,14.0,-2.84,-1.25,-4.09,-0.54,0.495,10.9,7.4,11.9,4.8,12.8,8.7,8.31,-40.7,-1.4,[[18.19030139]]
470,Rondae Hollis-Jefferson,BKN,55,21.0,-3.17,-0.15,-3.32,-0.14,0.463,13.2,8.9,20.9,6.5,18.7,12.7,12.0,25.8,0.9,[[18.00353591]]
402,Iman Shumpert,HOU/SAC,53,24.4,-1.28,-1.15,-2.43,0.6,0.498,18.6,7.7,13.5,1.8,11.0,6.3,9.38,-21.7,-0.7,[[17.99153158]]
298,Austin Rivers,HOU/WSH,65,27.3,-0.47,-1.22,-1.69,1.55,0.509,19.7,8.4,14.2,1.4,7.9,4.6,7.85,-83.7,-2.8,[[16.98626099]]
401,Kenrich Williams,NO,37,22.2,-2.41,0.0,-2.41,0.38,0.492,18.1,8.6,12.6,5.0,16.5,10.8,9.2,-15.9,-0.5,[[15.53287607]]
460,Glenn Robinson III,DET,41,13.0,-3.58,0.39,-3.19,-0.02,0.502,8.2,8.7,15.0,3.0,8.7,5.7,8.06,-19.5,-0.6,[[14.61720118]]
462,De'Anthony Melton,PHX,41,19.3,-2.94,-0.3,-3.24,-0.06,0.449,31.9,13.9,16.5,2.6,12.7,7.6,9.91,-12.9,-0.4,[[14.60882489]]
473,Malik Monk,CHA,61,17.4,-0.43,-3.01,-3.44,-0.22,0.515,14.0,10.2,25.4,1.3,9.4,5.3,12.19,26.8,0.9,[[14.1984263]]
390,CJ Miles,TOR/MEM,53,16.2,-1.61,-0.71,-2.32,0.45,0.504,8.9,7.5,18.0,1.7,10.4,6.1,9.1,-17.9,-0.6,[[13.78793614]]
278,Rodions Kurucs,BKN,53,20.5,-1.21,-0.29,-1.5,0.08,0.581,8.3,13.1,17.9,4.6,14.6,9.6,12.35,29.9,1.0,[[12.77136475]]
502,Jose Calderon,DET,48,13.1,-3.55,-1.09,-4.64,-0.59,0.456,42.0,12.8,12.9,1.8,8.8,5.2,7.24,-35.2,-1.2,[[12.72844775]]
431,DeAndre' Bembry,ATL,71,24.0,-2.35,-0.38,-2.73,0.44,0.493,20.3,14.0,17.1,2.6,16.3,9.3,9.89,-15.5,-0.5,[[12.69596385]]
477,Chandler Hutchison,CHI,44,20.3,-3.48,-0.07,-3.55,-0.24,0.507,11.9,8.8,11.9,3.8,18.9,11.3,8.85,-22.0,-0.7,[[12.69209079]]
397,Reggie Bullock,DET/LAL,59,30.1,-0.18,-2.19,-2.37,0.83,0.557,16.0,8.2,16.9,1.3,8.8,4.9,10.25,-6.5,-0.2,[[12.0566916]]
456,Will Barton,DEN,30,28.3,-1.27,-1.81,-3.08,0.02,0.524,19.4,9.7,21.2,3.1,15.8,9.4,12.81,29.3,1.0,[[11.58752136]]
264,Jared Dudley,BKN,50,20.5,-1.45,0.09,-1.36,1.08,0.527,21.4,12.1,10.7,2.7,10.3,6.5,6.84,-56.1,-1.9,[[10.33505173]]
230,Wayne Ellington,DET/MIA,41,23.0,-0.8,-0.2,-1.0,0.67,0.565,12.2,7.9,17.0,1.0,8.1,4.5,10.89,5.5,0.2,[[8.65145279]]
471,Dirk Nowitzki,DAL,39,13.7,-2.64,-0.72,-3.36,-0.08,0.472,8.4,4.2,20.5,0.4,18.0,9.3,9.06,-19.5,-0.7,[[8.21395354]]
435,Mario Hezonja,NY,50,19.6,-3.03,0.23,-2.8,0.2,0.479,10.1,11.5,19.9,2.3,18.6,10.2,9.98,-7.6,-0.3,[[8.06337631]]
474,Rajon Rondo,LAL,36,28.9,-2.28,-1.17,-3.45,-0.22,0.491,39.0,13.8,19.6,3.0,15.7,9.5,12.44,22.3,0.7,[[7.90990219]]
479,Evan Turner,POR,62,22.5,-2.57,-1.0,-3.57,-0.37,0.492,30.2,13.1,17.6,2.6,18.1,10.5,10.83,6.9,0.2,[[7.72402638]]
467,Taurean Prince,ATL,47,27.9,-1.22,-2.06,-3.28,-0.14,0.572,13.6,12.1,19.5,1.7,12.7,7.1,11.92,27.7,0.9,[[5.53163703]]
430,Isaiah Canaan,MIL/MIN/PHX,30,21.0,-1.4,-1.31,-2.71,0.12,0.518,28.6,11.9,11.3,0.0,0.0,0.0,8.04,0.0,0.0,[[5.35126372]]
419,Justin Holiday,CHI/MEM,70,31.3,-2.39,-0.22,-2.61,0.71,0.504,14.5,9.8,15.0,1.9,12.4,7.1,9.39,-36.2,-1.2,[[5.33556422]]
420,Stanley Johnson,NO/DET,60,18.0,-4.4,1.79,-2.61,0.35,0.464,13.5,12.2,20.0,3.2,17.3,10.1,9.05,-23.3,-0.8,[[4.48381776]]
486,Shelvin Mack,MEM/CHA,55,22.3,-1.71,-2.08,-3.79,-0.5,0.494,27.0,9.3,18.8,1.6,8.0,4.8,10.93,-1.2,-0.0,[[4.4393681]]
488,Wesley Iwundu,ORL,57,18.1,-4.01,0.2,-3.81,-0.46,0.514,16.0,10.6,13.0,3.2,13.6,8.3,8.24,-34.8,-1.2,[[4.36831092]]
466,Tyrone Wallace,LAC,54,10.2,-3.19,-0.08,-3.27,-0.05,0.438,12.9,10.4,18.3,4.0,12.9,8.5,7.17,-27.4,-0.9,[[2.76699189]]
414,Markelle Fultz,PHI,19,22.5,-2.74,0.2,-2.54,0.16,0.452,23.1,9.8,19.9,6.7,10.6,8.7,10.55,-2.9,-0.1,[[2.39995317]]
472,Solomon Hill,NO,38,19.6,-2.78,-0.6,-3.38,-0.12,0.487,20.9,11.4,9.8,4.5,11.3,7.9,6.81,-41.1,-1.4,[[1.38544105]]
496,Wesley Johnson,NO/WSH,35,14.6,-3.54,-0.66,-4.2,-0.36,0.481,13.4,10.5,11.3,2.5,11.4,7.0,5.81,-35.8,-1.2,[[1.36239616]]
510,Grayson Allen,UTAH,31,9.4,-2.94,-2.57,-5.51,-0.45,0.0,0.0,0.0,0.0,0.0,0.0,0.0,0.0,0.0,0.0,[[1.21081206]]
352,Dion Waiters,MIA,32,24.3,-0.96,-1.1,-2.06,0.49,0.513,19.5,10.7,20.9,0.8,11.5,6.1,10.61,1.3,0.0,[[0.99702995]]
487,Anfernee Simons,POR,13,5.3,-2.96,-0.84,-3.8,-0.03,0.0,0.0,0.0,0.0,0.0,0.0,0.0,0.0,0.0,0.0,[[0.5022774]]
416,Lance Thomas,NY,38,16.3,-3.75,1.17,-2.58,0.21,0.483,9.9,9.0,12.8,3.0,13.3,8.0,6.79,-34.3,-1.1,[[0.1972176]]
365,Terrance Ferguson,OKC,63,25.5,-0.99,-1.13,-2.12,1.0,0.552,11.9,8.3,10.5,1.8,5.6,3.6,6.05,-106.7,-3.6,[[0.11246823]]
478,Jacob Evans,GS,25,4.8,-2.8,-0.76,-3.56,-0.03,0.0,0.0,0.0,0.0,0.0,0.0,0.0,0.0,0.0,0.0,[[-1.80767671]]
481,Wade Baldwin IV,POR,16,5.9,-2.58,-1.08,-3.66,-0.03,0.0,0.0,0.0,0.0,0.0,0.0,0.0,0.0,0.0,0.0,[[-2.78047839]]
426,Isaiah Briscoe,ORL,39,14.3,-2.87,0.18,-2.69,0.15,0.455,32.5,11.6,15.3,0.9,13.4,7.1,6.8,-35.1,-1.2,[[-2.79901289]]
494,Ian Clark,NO,51,13.7,-2.37,-1.75,-4.12,-0.46,0.5,18.0,11.5,18.2,1.5,7.9,4.8,7.46,-31.7,-1.1,[[-3.86576386]]
499,Allonzo Trier,NY,64,22.8,-1.84,-2.67,-4.51,-1.23,0.564,14.0,13.6,21.2,2.2,12.4,7.1,12.27,38.5,1.3,[[-5.04623541]]
461,Chimezie Metu,SA,29,5.0,-3.46,0.25,-3.21,-0.01,0.0,0.0,0.0,0.0,0.0,0.0,0.0,0.0,0.0,0.0,[[-6.49859039]]
498,Wayne Selden,CHI/MEM,65,18.3,-1.72,-2.64,-4.36,-0.9,0.512,16.0,10.6,16.5,2.5,9.6,6.0,8.89,-28.5,-1.0,[[-6.73922555]]
457,Sindarius Thornwell,LAC,53,5.1,-3.28,0.18,-3.1,0.0,0.0,0.0,0.0,0.0,0.0,0.0,0.0,0.0,0.0,0.0,[[-7.92452719]]
459,Bruce Brown,DET,62,19.7,-3.92,0.74,-3.18,-0.04,0.453,17.8,9.7,12.5,3.5,11.5,7.3,6.55,-72.1,-2.4,[[-8.94468927]]
300,Alex Abrines,OKC,31,19.0,-2.6,0.91,-1.69,0.56,0.507,10.2,7.1,12.1,0.9,7.7,4.2,6.31,0.0,0.0,[[-8.96388987]]
485,Edmond Sumner,IND,19,8.9,-3.38,-0.38,-3.76,-0.07,0.0,0.0,0.0,0.0,0.0,0.0,0.0,0.0,0.0,0.0,[[-9.26595226]]
507,Timothe Luwawu-Cabarrot,CHI/OKC,40,10.2,-3.71,-1.18,-4.89,-0.45,0.0,0.0,0.0,0.0,0.0,0.0,0.0,0.0,0.0,0.0,[[-9.29635466]]
236,Bruno Caboclo,MEM,22,19.5,-1.71,0.63,-1.08,0.11,0.531,15.7,13.3,14.4,4.4,15.8,10.0,9.32,-7.6,-0.3,[[-10.57236609]]
427,Gary Trent Jr.,POR,10,4.1,-2.61,-0.08,-2.69,0.01,0.0,0.0,0.0,0.0,0.0,0.0,0.0,0.0,0.0,0.0,[[-11.20695656]]
505,Frank Jackson,NO,58,18.6,-2.05,-2.72,-4.77,-1.11,0.513,11.0,8.4,17.8,2.3,9.6,6.0,8.95,-33.1,-1.1,[[-11.87527783]]
506,Jerryd Bayless,MIN,25,19.8,-2.58,-2.24,-4.82,-0.52,0.412,29.6,8.7,18.6,1.9,8.3,5.1,7.26,-27.6,-0.9,[[-12.39082641]]
369,Tyler Ulis,CHI,1,1.0,-1.07,-1.07,-2.14,0.0,0.0,0.0,0.0,0.0,0.0,0.0,0.0,0.0,0.0,0.0,[[-12.60647365]]
421,Malachi Richardson,TOR,22,4.7,-2.42,-0.21,-2.63,0.03,0.0,0.0,0.0,0.0,0.0,0.0,0.0,0.0,0.0,0.0,[[-12.66355064]]
501,Marquese Chriss,CLE/HOU,32,12.2,-3.71,-0.89,-4.6,-0.34,0.0,0.0,0.0,0.0,0.0,0.0,0.0,0.0,0.0,0.0,[[-13.92023096]]
394,Brandon Goodwin,DEN,16,3.6,-1.76,-0.59,-2.35,0.03,0.0,0.0,0.0,0.0,0.0,0.0,0.0,0.0,0.0,0.0,[[-14.23712019]]
465,Jawun Evans,PHX,7,9.1,-2.37,-0.89,-3.26,0.0,0.0,0.0,0.0,0.0,0.0,0.0,0.0,0.0,0.0,0.0,[[-14.34273788]]
418,Allen Crabbe,BKN,43,26.3,-2.14,-0.45,-2.59,0.38,0.519,9.4,9.4,16.1,1.5,12.2,6.9,7.81,-45.4,-1.5,[[-14.38766717]]
380,Alize Johnson,IND,11,2.9,-2.46,0.26,-2.2,0.02,0.0,0.0,0.0,0.0,0.0,0.0,0.0,0.0,0.0,0.0,[[-15.1870262]]
360,Trevon Duval,MIL,3,2.0,-1.45,-0.64,-2.09,0.0,0.0,0.0,0.0,0.0,0.0,0.0,0.0,0.0,0.0,0.0,[[-15.4842142]]
442,Lorenzo Brown,TOR,26,8.2,-2.68,-0.22,-2.9,0.03,0.0,0.0,0.0,0.0,0.0,0.0,0.0,0.0,0.0,0.0,[[-16.44044022]]
495,Frank Mason III,SAC,35,11.5,-2.03,-2.16,-4.19,-0.29,0.0,0.0,0.0,0.0,0.0,0.0,0.0,0.0,0.0,0.0,[[-16.46489881]]
406,Georges Niang,UTAH,48,7.3,-1.33,-1.16,-2.49,0.14,0.0,0.0,0.0,0.0,0.0,0.0,0.0,0.0,0.0,0.0,[[-16.46770165]]
389,Melvin Frazier Jr.,ORL,8,4.4,-2.28,-0.03,-2.31,0.02,0.0,0.0,0.0,0.0,0.0,0.0,0.0,0.0,0.0,0.0,[[-16.88653168]]
451,Jerome Robinson,LAC,25,9.1,-1.95,-1.06,-3.01,0.02,0.0,0.0,0.0,0.0,0.0,0.0,0.0,0.0,0.0,0.0,[[-17.18492061]]
364,Bonzie Colson,MIL,1,3.0,-2.2,0.08,-2.12,0.0,0.0,0.0,0.0,0.0,0.0,0.0,0.0,0.0,0.0,0.0,[[-17.23023234]]
455,Channing Frye,CLE,33,9.5,-2.46,-0.62,-3.08,0.01,0.0,0.0,0.0,0.0,0.0,0.0,0.0,0.0,0.0,0.0,[[-17.41005206]]
334,Rawle Alkins,CHI,3,2.0,-1.85,-0.07,-1.92,0.01,0.0,0.0,0.0,0.0,0.0,0.0,0.0,0.0,0.0,0.0,[[-17.54189753]]
441,Sviatoslav Mykhailiuk,DET/LAL,42,10.5,-2.42,-0.47,-2.89,0.06,0.447,17.9,10.2,21.1,2.2,6.2,4.3,6.13,-28.7,-1.0,[[-17.57523312]]
415,Skal Labissiere,POR/SAC,18,6.9,-2.39,-0.18,-2.57,0.05,0.0,0.0,0.0,0.0,0.0,0.0,0.0,0.0,0.0,0.0,[[-17.59280931]]
500,Elie Okobo,PHX,44,17.8,-3.13,-1.38,-4.51,-0.67,0.469,25.9,13.3,17.7,1.1,10.6,5.8,7.0,-46.7,-1.6,[[-17.75518018]]
429,C.J. Williams,MIN,12,7.5,-2.13,-0.58,-2.71,0.02,0.0,0.0,0.0,0.0,0.0,0.0,0.0,0.0,0.0,0.0,[[-17.95620912]]
452,Michael Carter-Williams,HOU/ORL,17,9.5,-2.03,-1.01,-3.04,0.01,0.0,0.0,0.0,0.0,0.0,0.0,0.0,0.0,0.0,0.0,[[-17.97591158]]
379,Jordan Sibert,ATL,1,4.0,-1.87,-0.33,-2.2,0.0,0.0,0.0,0.0,0.0,0.0,0.0,0.0,0.0,0.0,0.0,[[-18.2689227]]
324,Daryl Macon,DAL,4,2.0,-1.56,-0.27,-1.83,0.01,0.0,0.0,0.0,0.0,0.0,0.0,0.0,0.0,0.0,0.0,[[-18.81508145]]
340,Davon Reed,IND,8,2.8,-1.9,-0.05,-1.95,0.01,0.0,0.0,0.0,0.0,0.0,0.0,0.0,0.0,0.0,0.0,[[-18.85383132]]
393,Justin Anderson,ATL,37,7.6,-2.64,0.31,-2.33,0.15,0.0,0.0,0.0,0.0,0.0,0.0,0.0,0.0,0.0,0.0,[[-19.0350448]]
475,Josh Jackson,PHX,72,24.3,-2.7,-0.82,-3.52,-0.43,0.486,14.1,14.2,23.7,3.8,15.6,9.6,10.5,-0.1,-0.0,[[-19.13198772]]
359,Jordan Loyd,TOR,9,4.1,-1.91,-0.17,-2.08,0.03,0.0,0.0,0.0,0.0,0.0,0.0,0.0,0.0,0.0,0.0,[[-19.14188173]]
425,Tyler Dorsey,ATL/MEM,36,9.3,-2.24,-0.44,-2.68,0.1,0.0,0.0,0.0,0.0,0.0,0.0,0.0,0.0,0.0,0.0,[[-19.50957642]]
346,Isaac Bonga,LAL,11,4.0,-2.57,0.57,-2.0,0.03,0.0,0.0,0.0,0.0,0.0,0.0,0.0,0.0,0.0,0.0,[[-20.0565597]]
417,Caleb Swanigan,POR,18,8.1,-3.36,0.78,-2.58,0.04,0.0,0.0,0.0,0.0,0.0,0.0,0.0,0.0,0.0,0.0,[[-20.40306178]]
314,PJ Dozier,BOS,4,2.5,-2.08,0.32,-1.76,0.01,0.0,0.0,0.0,0.0,0.0,0.0,0.0,0.0,0.0,0.0,[[-20.89054369]]
404,Jared Terrell,MIN,10,7.5,-2.1,-0.37,-2.47,0.03,0.0,0.0,0.0,0.0,0.0,0.0,0.0,0.0,0.0,0.0,[[-21.0041483]]
275,Donte Grantham,OKC,3,0.7,-2.21,0.72,-1.49,0.0,0.0,0.0,0.0,0.0,0.0,0.0,0.0,0.0,0.0,0.0,[[-21.15057714]]
290,Quincy Pondexter,SA,47,5.7,-1.83,0.2,-1.63,0.25,0.0,0.0,0.0,0.0,0.0,0.0,0.0,0.0,0.0,0.0,[[-21.34159722]]
448,Damion Lee,GS,25,11.2,-2.23,-0.74,-2.97,0.03,0.0,0.0,0.0,0.0,0.0,0.0,0.0,0.0,0.0,0.0,[[-21.96142439]]
497,Jevon Carter,MEM,28,14.6,-3.88,-0.43,-4.31,-0.31,0.0,0.0,0.0,0.0,0.0,0.0,0.0,0.0,0.0,0.0,[[-22.19004373]]
332,Zach Lofton,DET,1,4.0,-1.37,-0.55,-1.92,0.0,0.0,0.0,0.0,0.0,0.0,0.0,0.0,0.0,0.0,0.0,[[-22.22994442]]
289,Jarred Vanderbilt,DEN,10,2.4,-2.37,0.76,-1.61,0.02,0.0,0.0,0.0,0.0,0.0,0.0,0.0,0.0,0.0,0.0,[[-22.44825619]]
392,Khyri Thomas,DET,23,8.2,-2.06,-0.26,-2.32,0.09,0.0,0.0,0.0,0.0,0.0,0.0,0.0,0.0,0.0,0.0,[[-22.56208524]]
302,Guerschon Yabusele,BOS,34,5.4,-2.18,0.49,-1.69,0.17,0.0,0.0,0.0,0.0,0.0,0.0,0.0,0.0,0.0,0.0,[[-22.61945367]]
428,Greg Monroe,TOR,38,11.1,-3.92,1.21,-2.71,0.11,0.0,0.0,0.0,0.0,0.0,0.0,0.0,0.0,0.0,0.0,[[-22.64470393]]
376,James Nunnally,HOU/MIN,15,6.8,-1.29,-0.89,-2.18,0.05,0.0,0.0,0.0,0.0,0.0,0.0,0.0,0.0,0.0,0.0,[[-22.89290195]]
325,Kyle O'Quinn,IND,40,8.5,-2.26,0.42,-1.84,0.28,0.0,0.0,0.0,0.0,0.0,0.0,0.0,0.0,0.0,0.0,[[-23.40632351]]
384,Robert Williams III,BOS,28,8.3,-2.62,0.4,-2.22,0.11,0.0,0.0,0.0,0.0,0.0,0.0,0.0,0.0,0.0,0.0,[[-23.49933363]]
256,T.J. Leaf,IND,49,8.5,-1.81,0.52,-1.29,0.49,0.0,0.0,0.0,0.0,0.0,0.0,0.0,0.0,0.0,0.0,[[-23.89525201]]
316,Dzanan Musa,BKN,8,4.3,-2.46,0.69,-1.77,0.03,0.0,0.0,0.0,0.0,0.0,0.0,0.0,0.0,0.0,0.0,[[-23.96137957]]
382,Ben McLemore,SAC,19,8.3,-1.43,-0.78,-2.21,0.1,0.0,0.0,0.0,0.0,0.0,0.0,0.0,0.0,0.0,0.0,[[-23.98801977]]
423,John Jenkins,NY/WSH,16,10.3,-2.24,-0.42,-2.66,0.04,0.0,0.0,0.0,0.0,0.0,0.0,0.0,0.0,0.0,0.0,[[-24.04624706]]
307,Chris Boucher,TOR,24,5.3,-2.17,0.45,-1.72,0.11,0.0,0.0,0.0,0.0,0.0,0.0,0.0,0.0,0.0,0.0,[[-24.06134606]]
422,Daniel Hamilton,ATL,19,10.7,-2.46,-0.19,-2.65,0.06,0.0,0.0,0.0,0.0,0.0,0.0,0.0,0.0,0.0,0.0,[[-24.36143357]]
319,Andre Ingram,LAL,3,4.3,-1.8,0.02,-1.78,0.01,0.0,0.0,0.0,0.0,0.0,0.0,0.0,0.0,0.0,0.0,[[-24.51435735]]
303,Troy Caupain,ORL,3,4.0,-1.67,-0.03,-1.7,0.01,0.0,0.0,0.0,0.0,0.0,0.0,0.0,0.0,0.0,0.0,[[-24.99495215]]
342,Brandon Sampson,CHI,5,6.0,-1.66,-0.32,-1.98,0.02,0.0,0.0,0.0,0.0,0.0,0.0,0.0,0.0,0.0,0.0,[[-25.02753635]]
391,Jordan McRae,WSH,20,9.3,-2.11,-0.21,-2.32,0.08,0.0,0.0,0.0,0.0,0.0,0.0,0.0,0.0,0.0,0.0,[[-25.29676165]]
348,George King,PHX,1,6.0,-2.13,0.12,-2.01,0.0,0.0,0.0,0.0,0.0,0.0,0.0,0.0,0.0,0.0,0.0,[[-25.29758436]]
331,Marcus Derrickson,GS,9,6.0,-2.03,0.12,-1.91,0.04,0.0,0.0,0.0,0.0,0.0,0.0,0.0,0.0,0.0,0.0,[[-25.32334954]]
469,Treveon Graham,BKN,28,21.5,-3.3,-0.02,-3.32,-0.08,0.437,13.4,7.2,12.6,3.4,11.9,7.6,5.27,-46.9,-1.6,[[-25.33113342]]
267,Tyler Lydon,DEN,24,3.8,-2.21,0.82,-1.39,0.1,0.0,0.0,0.0,0.0,0.0,0.0,0.0,0.0,0.0,0.0,[[-25.82129375]]
345,Jon Leuer,DET,36,10.5,-2.79,0.79,-2.0,0.26,0.0,0.0,0.0,0.0,0.0,0.0,0.0,0.0,0.0,0.0,[[-26.17815233]]
492,Cedi Osman,CLE,65,32.0,-0.58,-3.39,-3.97,-1.11,0.542,16.2,9.7,19.0,1.9,15.4,8.4,11.88,42.7,1.4,[[-26.30431939]]
304,Haywood Highsmith,PHI,2,4.5,-1.95,0.25,-1.7,0.0,0.0,0.0,0.0,0.0,0.0,0.0,0.0,0.0,0.0,0.0,[[-26.42737986]]
433,Deng Adel,CLE,15,12.1,-3.04,0.29,-2.75,0.04,0.0,0.0,0.0,0.0,0.0,0.0,0.0,0.0,0.0,0.0,[[-26.67980655]]
378,Dairis Bertans,NO,4,8.0,-2.05,-0.14,-2.19,0.01,0.0,0.0,0.0,0.0,0.0,0.0,0.0,0.0,0.0,0.0,[[-26.74481737]]
387,Troy Brown Jr.,WSH,41,9.7,-1.56,-0.74,-2.3,0.07,0.0,0.0,0.0,0.0,0.0,0.0,0.0,0.0,0.0,0.0,[[-26.79507696]]
440,MarShon Brooks,MEM,29,13.3,-1.53,-1.35,-2.88,0.05,0.0,0.0,0.0,0.0,0.0,0.0,0.0,0.0,0.0,0.0,[[-27.09803326]]
329,Johnathan Motley,LAC,17,7.9,-2.05,0.18,-1.87,0.11,0.0,0.0,0.0,0.0,0.0,0.0,0.0,0.0,0.0,0.0,[[-27.58244418]]
399,Andrew Harrison,NO/CLE/MEM,17,11.0,-1.92,-0.48,-2.4,0.08,0.0,0.0,0.0,0.0,0.0,0.0,0.0,0.0,0.0,0.0,[[-27.85474054]]
259,DeVaughn Akoon-Purcell,DEN,7,3.1,-1.07,-0.25,-1.32,0.02,0.0,0.0,0.0,0.0,0.0,0.0,0.0,0.0,0.0,0.0,[[-28.07002963]]
468,Avery Bradley,LAC/MEM,63,30.2,-1.69,-1.6,-3.29,-0.2,0.496,17.5,10.2,14.1,2.5,7.3,4.9,7.75,-78.2,-2.6,[[-28.16048289]]
288,Moritz Wagner,LAL,31,8.5,-2.29,0.69,-1.6,0.23,0.0,0.0,0.0,0.0,0.0,0.0,0.0,0.0,0.0,0.0,[[-28.53759059]]
513,Jamal Crawford,PHX,57,17.6,-3.03,-3.63,-6.66,-2.21,0.473,29.2,13.0,20.6,0.9,6.8,3.8,8.98,-22.8,-0.8,[[-28.60143438]]
322,Kosta Koufos,SAC,33,11.8,-2.82,1.0,-1.82,0.34,0.0,0.0,0.0,0.0,0.0,0.0,0.0,0.0,0.0,0.0,[[-28.76828775]]
349,Joe Chealey,CHA,1,8.0,-1.64,-0.39,-2.03,0.01,0.0,0.0,0.0,0.0,0.0,0.0,0.0,0.0,0.0,0.0,[[-29.00825883]]
227,Zhou Qi,HOU,1,1.0,-1.87,0.9,-0.97,0.0,0.0,0.0,0.0,0.0,0.0,0.0,0.0,0.0,0.0,0.0,[[-29.15788153]]
274,Deonte Burton,OKC,27,8.5,-2.55,1.07,-1.48,0.24,0.0,0.0,0.0,0.0,0.0,0.0,0.0,0.0,0.0,0.0,[[-29.88794984]]
232,Ike Anigbogu,IND,3,2.0,-2.13,1.1,-1.03,0.01,0.0,0.0,0.0,0.0,0.0,0.0,0.0,0.0,0.0,0.0,[[-30.1322837]]
312,DJ Stephens,MEM,1,7.0,-1.33,-0.43,-1.76,0.01,0.0,0.0,0.0,0.0,0.0,0.0,0.0,0.0,0.0,0.0,[[-30.6574012]]
306,Duncan Robinson,MIA,10,7.7,-2.03,0.31,-1.72,0.07,0.0,0.0,0.0,0.0,0.0,0.0,0.0,0.0,0.0,0.0,[[-30.65922122]]
350,Yuta Watanabe,MEM,10,9.8,-2.53,0.49,-2.04,0.07,0.0,0.0,0.0,0.0,0.0,0.0,0.0,0.0,0.0,0.0,[[-30.69020933]]
405,Patrick McCaw,CLE/TOR,25,13.8,-2.45,-0.03,-2.48,0.14,0.0,0.0,0.0,0.0,0.0,0.0,0.0,0.0,0.0,0.0,[[-30.71684959]]
453,Keita Bates-Diop,MIN,18,15.4,-2.11,-0.93,-3.04,0.01,0.0,0.0,0.0,0.0,0.0,0.0,0.0,0.0,0.0,0.0,[[-30.78134615]]
344,Courtney Lee,DAL/NY,24,11.7,-1.87,-0.13,-2.0,0.2,0.0,0.0,0.0,0.0,0.0,0.0,0.0,0.0,0.0,0.0,[[-30.86597484]]
330,B.J. Johnson,ATL,5,8.6,-2.07,0.16,-1.91,0.02,0.0,0.0,0.0,0.0,0.0,0.0,0.0,0.0,0.0,0.0,[[-31.66086625]]
326,Tahjere McCall,BKN,1,8.0,-1.85,0.01,-1.84,0.01,0.0,0.0,0.0,0.0,0.0,0.0,0.0,0.0,0.0,0.0,[[-31.69609325]]
248,Christian Wood,MIL,13,4.8,-2.12,0.92,-1.2,0.06,0.0,0.0,0.0,0.0,0.0,0.0,0.0,0.0,0.0,0.0,[[-32.06842691]]
315,Dwayne Bacon,CHA,30,13.0,-1.34,-0.43,-1.77,0.34,0.0,0.0,0.0,0.0,0.0,0.0,0.0,0.0,0.0,0.0,[[-32.08010876]]
434,Isaiah Thomas,DEN,10,14.7,-2.14,-0.65,-2.79,0.03,0.0,0.0,0.0,0.0,0.0,0.0,0.0,0.0,0.0,0.0,[[-32.10424034]]
240,Amile Jefferson,ORL,6,3.8,-2.0,0.89,-1.11,0.03,0.0,0.0,0.0,0.0,0.0,0.0,0.0,0.0,0.0,0.0,[[-32.21286321]]
210,Jarell Martin,ORL,35,7.9,-2.08,1.34,-0.74,0.43,0.0,0.0,0.0,0.0,0.0,0.0,0.0,0.0,0.0,0.0,[[-32.45690783]]
293,Jaylen Morris,MIL,4,7.3,-1.05,-0.6,-1.65,0.02,0.0,0.0,0.0,0.0,0.0,0.0,0.0,0.0,0.0,0.0,[[-32.51741949]]
509,Jonathon Simmons,ORL/PHI,52,19.1,-3.99,-1.07,-5.06,-1.23,0.448,20.8,11.9,19.6,2.7,9.8,6.2,7.48,-44.6,-1.5,[[-32.6938949]]
234,Ryan Broekhoff,DAL,31,8.2,-1.45,0.4,-1.05,0.31,0.0,0.0,0.0,0.0,0.0,0.0,0.0,0.0,0.0,0.0,[[-32.88927257]]
375,Theo Pinson,BKN,15,12.5,-2.53,0.36,-2.17,0.11,0.0,0.0,0.0,0.0,0.0,0.0,0.0,0.0,0.0,0.0,[[-33.32239129]]
235,Isaiah Hartenstein,HOU,27,8.1,-1.95,0.88,-1.07,0.28,0.0,0.0,0.0,0.0,0.0,0.0,0.0,0.0,0.0,0.0,[[-33.43096514]]
241,Isaiah Hicks,NY,1,4.0,-2.03,0.92,-1.11,0.0,0.0,0.0,0.0,0.0,0.0,0.0,0.0,0.0,0.0,0.0,[[-33.68860986]]
271,Demetrius Jackson,PHI,6,6.5,-0.74,-0.72,-1.46,0.01,0.0,0.0,0.0,0.0,0.0,0.0,0.0,0.0,0.0,0.0,[[-33.8161446]]
291,Milos Teodosic,LAC,15,10.0,-1.03,-0.61,-1.64,0.15,0.0,0.0,0.0,0.0,0.0,0.0,0.0,0.0,0.0,0.0,[[-34.00512086]]
321,Nick Young,DEN,4,9.3,-1.77,-0.05,-1.82,0.03,0.0,0.0,0.0,0.0,0.0,0.0,0.0,0.0,0.0,0.0,[[-34.10611738]]
222,Drew Eubanks,SA,19,4.9,-1.98,1.09,-0.89,0.12,0.0,0.0,0.0,0.0,0.0,0.0,0.0,0.0,0.0,0.0,[[-34.58755636]]
225,Udonis Haslem,MIA,8,4.4,-2.54,1.58,-0.96,0.05,0.0,0.0,0.0,0.0,0.0,0.0,0.0,0.0,0.0,0.0,[[-34.9426442]]
189,Tyler Davis,OKC,1,1.0,-1.67,1.12,-0.55,0.0,0.0,0.0,0.0,0.0,0.0,0.0,0.0,0.0,0.0,0.0,[[-35.09941242]]
200,Brad Wanamaker,BOS,30,8.7,-1.19,0.5,-0.69,0.42,0.0,0.0,0.0,0.0,0.0,0.0,0.0,0.0,0.0,0.0,[[-35.24778471]]
370,Ryan Anderson,MIA/PHX,21,14.5,-3.41,1.26,-2.15,0.18,0.0,0.0,0.0,0.0,0.0,0.0,0.0,0.0,0.0,0.0,[[-35.51559698]]
249,Raymond Felton,OKC,26,11.5,-1.8,0.57,-1.23,0.36,0.0,0.0,0.0,0.0,0.0,0.0,0.0,0.0,0.0,0.0,[[-35.76915684]]
280,Shake Milton,PHI,13,9.7,-1.47,-0.04,-1.51,0.13,0.0,0.0,0.0,0.0,0.0,0.0,0.0,0.0,0.0,0.0,[[-35.88748479]]
279,Vincent Edwards,HOU,2,8.0,-2.14,0.63,-1.51,0.02,0.0,0.0,0.0,0.0,0.0,0.0,0.0,0.0,0.0,0.0,[[-36.01721803]]
250,Michael Beasley,LAL,26,10.7,-1.82,0.59,-1.23,0.3,0.0,0.0,0.0,0.0,0.0,0.0,0.0,0.0,0.0,0.0,[[-36.1161543]]
170,Ekpe Udoh,UTAH,40,5.2,-1.41,1.21,-0.2,0.37,0.0,0.0,0.0,0.0,0.0,0.0,0.0,0.0,0.0,0.0,[[-36.31923173]]
244,Jason Smith,NO/MIL/WSH,20,9.5,-2.86,1.69,-1.17,0.24,0.0,0.0,0.0,0.0,0.0,0.0,0.0,0.0,0.0,0.0,[[-36.44377897]]
292,Donte DiVincenzo,MIL,27,15.2,-1.67,0.03,-1.64,0.4,0.0,0.0,0.0,0.0,0.0,0.0,0.0,0.0,0.0,0.0,[[-36.61073349]]
258,Jaylen Adams,ATL,23,10.9,-0.76,-0.56,-1.32,0.26,0.0,0.0,0.0,0.0,0.0,0.0,0.0,0.0,0.0,0.0,[[-36.66593692]]
388,Troy Williams,SAC,18,15.9,-2.2,-0.11,-2.31,0.16,0.0,0.0,0.0,0.0,0.0,0.0,0.0,0.0,0.0,0.0,[[-36.985179]]
270,Devin Robinson,WSH,4,8.0,-1.92,0.49,-1.43,0.02,0.0,0.0,0.0,0.0,0.0,0.0,0.0,0.0,0.0,0.0,[[-37.14893876]]
363,Alex Poythress,ATL,21,14.5,-1.49,-0.63,-2.12,0.14,0.0,0.0,0.0,0.0,0.0,0.0,0.0,0.0,0.0,0.0,[[-37.32888057]]
126,Thabo Sefolosha,UTAH,38,10.3,-1.48,1.9,0.42,0.91,0.0,0.0,0.0,0.0,0.0,0.0,0.0,0.0,0.0,0.0,[[-37.40921563]]
395,J.P. Macura,CHA,1,14.0,-2.23,-0.12,-2.35,0.01,0.0,0.0,0.0,0.0,0.0,0.0,0.0,0.0,0.0,0.0,[[-37.50385596]]
239,Miles Plumlee,ATL,18,9.6,-1.67,0.56,-1.11,0.24,0.0,0.0,0.0,0.0,0.0,0.0,0.0,0.0,0.0,0.0,[[-37.50961036]]
272,Ron Baker,NY/WSH,15,10.1,-1.56,0.09,-1.47,0.12,0.0,0.0,0.0,0.0,0.0,0.0,0.0,0.0,0.0,0.0,[[-37.66873193]]
193,Thomas Welsh,DEN,11,3.3,-1.81,1.25,-0.56,0.06,0.0,0.0,0.0,0.0,0.0,0.0,0.0,0.0,0.0,0.0,[[-37.86656885]]
504,Frank Ntilikina,NY,41,21.3,-3.43,-1.32,-4.75,-0.92,0.419,25.4,11.8,17.5,1.2,9.0,4.9,6.21,-62.4,-2.1,[[-37.98108532]]
208,Salah Mejri,DAL,27,8.9,-2.11,1.38,-0.73,0.33,0.0,0.0,0.0,0.0,0.0,0.0,0.0,0.0,0.0,0.0,[[-38.24099761]]
229,Ray Spalding,DAL/PHX,4,5.8,-1.98,1.0,-0.98,0.0,0.0,0.0,0.0,0.0,0.0,0.0,0.0,0.0,0.0,0.0,[[-39.4343984]]
407,Dillon Brooks,MEM,18,18.3,-2.2,-0.29,-2.49,0.13,0.0,0.0,0.0,0.0,0.0,0.0,0.0,0.0,0.0,0.0,[[-40.68946167]]
263,Tony Bradley,UTAH,1,9.0,-2.2,0.85,-1.35,0.01,0.0,0.0,0.0,0.0,0.0,0.0,0.0,0.0,0.0,0.0,[[-40.79829192]]
373,Chandler Parsons,MEM,14,16.8,-3.03,0.87,-2.16,0.15,0.0,0.0,0.0,0.0,0.0,0.0,0.0,0.0,0.0,0.0,[[-41.40774389]]
308,Jodie Meeks,TOR,2,12.0,-1.63,-0.1,-1.73,0.02,0.0,0.0,0.0,0.0,0.0,0.0,0.0,0.0,0.0,0.0,[[-41.58663841]]
296,Johnathan Williams,LAL,13,14.1,-1.72,0.05,-1.67,0.16,0.0,0.0,0.0,0.0,0.0,0.0,0.0,0.0,0.0,0.0,[[-42.13219844]]
231,Emanuel Terry,MIA/PHX,3,7.7,-1.85,0.85,-1.0,0.03,0.0,0.0,0.0,0.0,0.0,0.0,0.0,0.0,0.0,0.0,[[-42.23358811]]
220,Justin Patton,PHI,3,7.0,-2.09,1.21,-0.88,0.03,0.0,0.0,0.0,0.0,0.0,0.0,0.0,0.0,0.0,0.0,[[-42.41187983]]
157,Pau Gasol,MIL/SA,30,12.0,-2.38,2.29,-0.09,0.66,0.0,0.0,0.0,0.0,0.0,0.0,0.0,0.0,0.0,0.0,[[-42.5647347]]
277,Jalen Jones,CLE,16,13.4,-1.23,-0.27,-1.5,0.17,0.0,0.0,0.0,0.0,0.0,0.0,0.0,0.0,0.0,0.0,[[-42.67059097]]
194,Alan Williams,BKN,4,5.5,-1.82,1.24,-0.58,0.04,0.0,0.0,0.0,0.0,0.0,0.0,0.0,0.0,0.0,0.0,[[-43.05298996]]
195,Tyler Zeller,ATL,2,5.5,-2.21,1.61,-0.6,0.02,0.0,0.0,0.0,0.0,0.0,0.0,0.0,0.0,0.0,0.0,[[-43.46450202]]
132,Raul Neto,UTAH,29,12.3,-0.01,0.3,0.29,0.74,0.0,0.0,0.0,0.0,0.0,0.0,0.0,0.0,0.0,0.0,[[-45.81375935]]
313,Julian Washburn,MEM,7,15.7,-2.59,0.83,-1.76,0.09,0.0,0.0,0.0,0.0,0.0,0.0,0.0,0.0,0.0,0.0,[[-46.76222114]]
188,Damian Jones,GS,24,17.1,-1.39,0.85,-0.54,0.66,0.0,0.0,0.0,0.0,0.0,0.0,0.0,0.0,0.0,0.0,[[-47.26791475]]
285,Cameron Reynolds,MIN,7,14.9,-2.11,0.54,-1.57,0.09,0.0,0.0,0.0,0.0,0.0,0.0,0.0,0.0,0.0,0.0,[[-47.71372492]]
221,Quincy Acy,PHX,10,12.3,-1.97,1.08,-0.89,0.14,0.0,0.0,0.0,0.0,0.0,0.0,0.0,0.0,0.0,0.0,[[-49.95416835]]
212,Alex Caruso,LAL,13,13.5,-0.85,0.09,-0.76,0.25,0.0,0.0,0.0,0.0,0.0,0.0,0.0,0.0,0.0,0.0,[[-50.57827372]]
323,JR Smith,CLE,11,20.2,-2.73,0.9,-1.83,0.19,0.0,0.0,0.0,0.0,0.0,0.0,0.0,0.0,0.0,0.0,[[-52.06661171]]
177,John Henson,MIL,14,13.4,-1.58,1.27,-0.31,0.36,0.0,0.0,0.0,0.0,0.0,0.0,0.0,0.0,0.0,0.0,[[-52.90772194]]
162,Corey Brewer,PHI/SAC,18,17.0,-1.66,1.51,-0.15,0.61,0.0,0.0,0.0,0.0,0.0,0.0,0.0,0.0,0.0,0.0,[[-54.30411556]]
112,Luol Deng,MIN,22,17.8,-0.51,1.21,0.7,0.99,0.0,0.0,0.0,0.0,0.0,0.0,0.0,0.0,0.0,0.0,[[-54.87055974]]
166,Eric Moreland,PHX/TOR,4,9.0,-1.71,1.54,-0.17,0.01,0.0,0.0,0.0,0.0,0.0,0.0,0.0,0.0,0.0,0.0,[[-57.49116405]]
206,Henry Ellenson,DET/NY,11,13.4,-1.77,1.05,-0.72,0.03,0.0,0.0,0.0,0.0,0.0,0.0,0.0,0.0,0.0,0.0,[[-58.56596056]]
203,Luc Mbah a Moute,LAC,4,15.3,-2.15,1.43,-0.72,0.1,0.0,0.0,0.0,0.0,0.0,0.0,0.0,0.0,0.0,0.0,[[-60.25919665]]
201,Angel Delgado,LAC,1,14.0,-2.22,1.52,-0.7,0.02,0.0,0.0,0.0,0.0,0.0,0.0,0.0,0.0,0.0,0.0,[[-60.49836099]]
237,Kadeem Allen,NY,13,22.8,-0.06,-1.02,-1.08,0.34,0.0,0.0,0.0,0.0,0.0,0.0,0.0,0.0,0.0,0.0,[[-63.11123752]]
385,Carmelo Anthony,HOU,10,29.4,-2.51,0.24,-2.27,0.16,0.0,0.0,0.0,0.0,0.0,0.0,0.0,0.0,0.0,0.0,[[-66.85161104]]
209,Dwight Howard,WSH,9,25.6,-2.14,1.4,-0.74,0.33,0.0,0.0,0.0,0.0,0.0,0.0,0.0,0.0,0.0,0.0,[[-74.34542779]]
511,Collin Sexton,CLE,71,31.0,-1.3,-4.35,-5.65,-3.47,0.51,13.9,10.7,25.3,2.5,8.4,5.3,11.62,20.5,0.7,[[-102.32370083]]
514,Kevin Knox,NY,64,28.0,-3.11,-4.1,-7.21,-4.61,0.468,6.5,9.3,21.3,3.1,13.5,8.2,8.37,-56.9,-1.9,[[-134.75859509]]
